old_ID,unique_ID,pedon_ID,horizon,State,vial_unfum,unfum_weight,NPOC,TN,vial_fum,fum_weight,fum_NPOC,fum_TN,rep
1,1,2,a,OH,139,10.018,9.0579564,0.10998537,140,10.003,46.1652755,6.45184461,1
1,1,2,a,OH,143,10.085,9.5986637,0.18695856,144,10.045,51.1748698,6.74613705,2
1,1,2,a,OH,141,10.027,9.5527481,0.23101671,142,10.038,49.7974027,7.35243663,3
4,2,3,a,OH,937,10.055,12.9918637,4.79337031,938,10.012,73.9390088,11.6921421,1
4,2,3,a,OH,939,10.036,13.379733,5.02531035,940,10.012,80.5045401,12.6690141,2
4,2,3,a,OH,941,10.071,13.9536141,5.00096078,942,10.059,82.7504616,12.8093337,3
7,3,4,a,IN,209,10.027,4.6262364,1.15752551,210,10.073,18.5519037,3.28188776,1
7,3,4,a,IN,205,10.02,4.4481388,1.23565051,206,10.064,18.7846368,3.38105867,2
7,3,4,a,IN,207,10.068,4.4672967,1.21875,208,10.018,18.9967928,3.57397959,3
10,4,5,a,IL,877,10.044,4.4174038,3.48722519,878,10.065,24.7009686,7.77064765,1
10,4,5,a,IL,881,10.074,4.5469232,3.466429,882,10.075,26.9468902,8.03594771,2
10,4,5,a,IL,879,10.027,4.6034157,3.50802139,880,10.018,25.0040991,8.09655377,3
13,5,6,a,IL,929,10.032,2.9444651,1.90319929,930,10.015,13.4334697,4.3711734,1
13,5,6,a,IL,927,10.043,2.9472208,1.90361199,928,10,13.8654307,4.37530045,2
13,5,6,a,IL,925,10.063,2.7997892,1.74348257,926,10.072,14.7934234,4.67162243,3
20,6,8,a,WI,943,10.044,2.668203,0.92603837,944,10.015,10.7976122,2.12440901,1
20,6,8,a,WI,947,10.012,2.4197049,0.94056557,948,10.043,13.790337,2.60108294,2
20,6,8,a,WI,945,10.028,2.5841532,0.91691759,946,10.031,13.9267458,2.65432184,3
23,7,9,a,MN,133,10.01,3.2821889,0,134,10.023,16.9081483,1.83402478,1
23,7,9,a,MN,137,10.045,3.4572211,0.48768756,138,10.013,19.2909608,2.26432033,2
23,7,9,a,MN,135,10.026,3.3713653,0.47831862,136,10.049,19.059327,2.27003474,3
26,8,10,a,MN,919,10.051,3.1153205,1.26845946,920,10.003,11.9922219,3.5280177,1
26,8,10,a,MN,921,10.005,3.2496624,1.40011226,922,10.018,18.5935778,4.55771593,2
26,8,10,a,MN,923,10.009,3.1738798,1.39392169,924,10.006,23.1784268,4.77810024,3
28,9,11,a,SD,955,10.05,4.6372447,1.39066882,956,10.02,85.4011541,11.231931,1
28,9,11,a,SD,957,10.05,5.0437887,1.43263215,958,10.008,76.0768696,11.8263215,2
28,9,11,a,SD,959,10.094,5.5880332,1.48462783,960,10.001,85.6044261,11.881877,3
31,10,12,a,SD,895,10.034,4.5689691,2.20901347,896,10.075,39.1203359,11.2266112,1
31,10,12,a,SD,897,10.03,4.8080288,2.64771857,898,10.019,57.0257041,12.4416138,2
31,10,12,a,SD,899,10.014,4.9223917,2.34190438,900,10.024,75.3513214,16.6309793,3
34,11,13,a,SD,967,10.028,10.7052425,2.38295577,968,10.009,24.8523196,7.0210356,1
34,11,13,a,SD,969,10.082,9.7787155,2.38187702,970,10.017,25.3900069,7.5,2
34,11,13,a,SD,971,10.069,9.4856103,2.56688242,972,10.04,26.485053,7.83225458,3
36,12,14,a,SD,169,10.01,,,170,10.018,26.6682908,6.77585202,1
36,12,14,a,SD,171,10.051,10.7616297,0.77760063,172,10.022,27.2508018,7.41129511,2
36,12,14,a,SD,173,10.066,10.9370683,0.70377037,174,10.016,27.1480058,7.49129694,3
39,13,15,a,WY,893,10.004,2.9079517,0.49641277,894,10.052,20.72927,2.10501189,1
39,13,15,a,WY,891,10.021,2.8645489,0.47907917,892,10.048,20.3503569,2.18301307,2
39,13,15,a,WY,889,10.04,2.9858011,0.49026347,890,10.054,20.7898961,2.21437863,3
42,14,16,a,WY,349,10.115,6.6602678,0.53406952,350,10.196,45.4432115,4.83076794,1
42,14,16,a,WY,353,10.465,6.212345,0.45750503,354,10.208,50.7310916,4.97126507,2
42,14,16,a,WY,351,10.302,6.7629314,0.56790483,352,10.343,50.9139172,5.29930651,3
44,15,17,a,MT,211,10.036,4.0976202,0.61323342,212,10.007,56.4277889,8.48086735,1
44,15,17,a,MT,215,10.037,4.1260022,0.6713648,216,10.011,59.8833071,8.50063776,2
44,15,17,a,MT,213,10.004,4.0514993,0.69231505,214,10.062,62.7569926,8.61575255,3
47,16,18,a,MT,361,10.426,5.3636121,0.33041314,362,10.319,24.4956122,2.68979805,1
47,16,18,a,MT,365,10.468,5.4599471,0.42476533,366,10.177,25.1636289,3.02041742,2
47,16,18,a,MT,363,10.22,5.6209743,0.38442075,364,10.32,25.5574073,3.05586395,3
50,17,19,a,MT,381,10.054,6.8909093,0.01890911,382,10.224,33.6650212,2.17807918,1
50,17,19,a,MT,379,10.014,6.4380643,0,380,10.308,33.355624,2.19419123,2
50,17,19,a,MT,383,10.037,6.9422412,0.05708823,384,10.28,,,3
53,18,20,a,ID,323,10.038,7.7248755,0.27444364,324,10.057,50.0912019,6.83348188,1
53,18,20,a,ID,321,10.459,8.1038872,0.3587402,322,10.136,53.6492701,7.45597951,2
53,18,20,a,ID,319,10.352,7.1208477,0.17753208,320,10.457,52.6226338,7.64343619,3
56,19,21,a,WA,449,10.058,27.4148666,1.14928841,450,10.047,118.126519,12.013421,1
56,19,21,a,WA,447,10.024,27.4494498,1.059886,448,10.037,121.156005,12.3242872,2
56,19,21,a,WA,445,10.075,27.40795,0.88751029,446,10.008,113.443958,12.3273127,3
59,20,22,a,WA,271,10.002,24.2916913,2.18538168,272,10.017,86.2344247,8.33961962,1
59,20,22,a,WA,273,10.008,26.5207577,2.67701333,274,10.004,95.50931,8.9296955,2
59,20,22,a,WA,275,10.021,25.1144067,2.35810119,276,10.037,97.1898996,9.19319591,3
62,21,23,a,OR,307,10.425,18.5439344,2.04213649,308,10.323,83.8998819,7.31686073,1
62,21,23,a,OR,309,10.348,18.5650297,1.90478616,310,10.162,86.3609963,8.0413395,2
62,21,23,a,OR,311,10.24,19.5480691,2.31506869,312,10.343,85.763297,8.05607666,3
65,22,24,a,OR,277,10,6.8325458,0.47074261,278,10.048,72.7193908,8.13742578,1
65,22,24,a,OR,279,10.066,7.722766,0.55551075,280,10.004,77.8033499,8.47343303,2
65,22,24,a,OR,281,10.03,7.6538548,0.49986324,282,10.061,75.96103,8.55772958,3
68,23,25,a,OR,313,10.233,7.9505949,0.38231965,314,10.346,34.1009901,3.4103344,1
68,23,25,a,OR,317,10.056,7.7572216,0.39505256,318,10.489,37.1457402,3.82415385,2
68,23,25,a,OR,315,10.25,8.4983686,0.48801456,316,10.496,38.3130116,3.85716509,3
71,24,26,a,OR,481,10.052,5.8405024,0.66756255,482,10.019,35.8946597,2.12128616,1
71,24,26,a,OR,483,10.039,5.9629268,0.66160086,484,10.041,29.655856,2.40422205,2
71,24,26,a,OR,485,10.016,5.7319113,0.6026681,486,10.052,28.0650302,2.47605551,3
73,25,27,a,CA,479,10.007,3.7364624,0.37817631,480,10.025,13.2731171,1.75039093,1
73,25,27,a,CA,475,10.018,4.0200444,0.37617279,476,10.04,17.8118122,1.75185692,2
73,25,27,a,CA,477,10.021,3.6327129,0.29622752,478,10.019,14.9759924,1.79485927,3
76,26,28,a,CA,575,10.02,8.669,0.96077862,576,10.042,34.6633333,5.56907321,1
76,26,28,a,CA,573,10.088,8.72,1.03987507,574,10.083,37.2366667,5.7644538,2
76,26,28,a,CA,571,10.043,7.747,0.82884224,572,10.076,39.1633333,6.218405,3
79,27,29,a,CA,459,10.005,16.7072258,3.74560203,460,10.022,60.3795434,9.08131353,1
79,27,29,a,CA,457,10.014,16.4146522,3.68647381,458,10.005,73.8323961,10.1764073,2
79,27,29,a,CA,461,10.021,15.9173462,3.7104183,462,10.044,69.6132495,10.3708952,3
82,28,30,a,CA,567,10.055,3.3233333,0.41908774,568,10.016,5.6296667,,1
82,28,30,a,CA,565,10.028,3.3523333,0.4903036,566,10.047,5.5296667,0.69977484,2
82,28,30,a,CA,569,10.013,3.3723333,0.45344276,570,10.067,5.7693333,0.70057379,3
84,29,31,a,CA,587,10.055,6.855,1.30156885,588,10.073,7.55,1.39453806,1
84,29,31,a,CA,583,10.015,7.048,1.44174898,584,10.051,7.3,1.47479663,2
84,29,31,a,CA,585,10.058,6.638,1.38945381,586,10.046,8.2196667,1.50457583,3
87,30,32,a,AZ,529,10.008,10.28,1.3048373,530,10.052,57.8833333,4.65499709,1
87,30,32,a,AZ,531,10.065,12.22,1.29539512,532,10.003,59.0366667,4.91974143,2
87,30,32,a,AZ,533,10.031,10.2466667,1.35350087,534,10.045,56.63,4.9553312,3
90,31,33,a,AZ,421,10.059,25.6580416,3.05653984,422,10.027,27.3941167,3.12310001,1
90,31,33,a,AZ,425,10.073,24.7104628,3.1276382,426,10.031,27.3595335,3.30160229,2
90,31,33,a,AZ,423,10.049,24.7104628,3.12536911,424,10.006,,3.82954546,3
93,32,34,a,AZ,397,10.035,20.6690737,1.84862402,398,10.04,65.5186023,4.64188208,1
93,32,34,a,AZ,399,10.033,18.7033663,1.57633241,400,10.003,67.6627588,4.82340982,2
93,32,34,a,AZ,401,10.012,20.105368,1.69583817,402,10.049,89.2841561,6.15839505,3
96,33,35,a,NM,545,10.052,3.4953333,0.59670976,546,10.08,4.872,0.82855171,1
96,33,35,a,NM,543,10.062,3.547,0.64235909,544,10.031,5.1683333,0.89185067,2
96,33,35,a,NM,541,10.006,3.581,0.57735328,542,10.088,5.4973333,1.0092606,3
98,34,36,a,NM,535,10.004,4.608,1.29938989,536,10.067,13.9066667,2.85843986,1
98,34,36,a,NM,539,10.029,5.4373333,1.36221673,540,10.028,13.4033333,3.16276874,2
98,34,36,a,NM,537,10.051,5.3003333,1.4490122,538,10.026,14.07,3.26554329,3
101,35,37,a,NM,631,10.074,5.1975443,0.51802866,632,10.094,,,1
101,35,37,a,NM,619,10.096,7.0811048,0.96435351,620,10.052,39.3578902,7.43184922,2
101,35,37,a,NM,621,10.04,7.3812137,1.06437108,622,10.02,39.7758501,7.86393644,3
103,36,38,a,NM,753,10.026,8.0755636,1.06618441,754,10.026,62.1879296,10.1909887,1
103,36,38,a,NM,751,10.044,7.5001677,1.04278887,752,10.023,54.3305364,10.3594365,2
103,36,38,a,NM,755,10.018,8.1350085,1.02687991,756,10.005,66.3947978,10.8203285,3
106,37,39,a,TX,689,10.028,4.3853757,0.47077613,690,10.007,10.3197269,1.18225376,1
106,37,39,a,TX,687,10.007,4.7521515,0.52375687,688,10.027,11.3232092,1.24206825,2
106,37,39,a,TX,685,10.094,4.5186238,0.47868485,686,10.003,11.5011024,1.28775454,3
109,38,40,a,TX,675,10.049,15.7574883,2.7501766,676,10.072,32.6566525,4.3357597,1
109,38,40,a,TX,673,10.075,14.2340635,2.20524279,674,10.012,35.7955396,4.64135876,2
109,38,40,a,TX,677,10.015,15.0575921,2.27396419,678,10.064,40.6996215,5.16963052,3
112,39,41,a,OK,743,10.054,6.7944503,0.67805249,744,10.028,44.5831009,8.84340589,1
112,39,41,a,OK,739,10.007,7.5451324,0.76921709,740,10.019,46.7017772,10.1621342,2
112,39,41,a,OK,741,10.008,7.4277669,0.70331967,742,10.012,51.3582926,10.7774367,3
115,40,42,a,TX,613,10.016,8.6350936,2.18347699,614,10.064,59.2349689,10.9459225,1
115,40,42,a,TX,615,10.061,9.38194,2.3920122,616,10.007,64.9425202,11.0231315,2
115,40,42,a,TX,617,10.002,9.7293264,2.82693278,618,10.053,67.5119461,12.2237673,3
118,41,43,a,TX,643,10.029,3.2399844,3.48427203,644,10.04,12.4131774,5.09503652,1
118,41,43,a,TX,645,10.018,3.2530028,3.67552375,646,10.059,13.3059672,5.46974823,2
118,41,43,a,TX,647,10.045,3.1920218,3.77469131,648,10.005,13.5581136,5.6333747,3
121,42,44,a,AR,715,10.007,10.9097278,1.02277404,716,10.006,58.5095437,8.39992015,1
121,42,44,a,AR,717,10.087,11.2716958,1.01056544,718,10.002,64.7941865,9.47028471,2
121,42,44,a,AR,719,10.02,11.5515646,1.09457099,720,10.019,67.1111848,9.64119361,3
124,43,45,a,TN,817,10.03,4.1239184,1.04047353,818,10.025,93.4702588,11.6848764,1
124,43,45,a,TN,819,10.008,3.922061,1.11178679,820,10.028,97.2456115,12.2076875,2
124,43,45,a,TN,821,10.027,3.8621238,0.98918607,822,10.032,97.5831887,12.4415766,3
127,44,46,a,TN,765,10.022,13.1179384,1.34919194,766,10.041,58.4383298,7.65023364,1
127,44,46,a,TN,767,10.028,12.0390694,1.15726524,768,10.028,55.289593,7.6843016,2
127,44,46,a,TN,763,10.075,12.9287043,1.37539538,764,10.019,59.2918972,7.81478223,3
130,45,47,a,TN,823,10.055,7.8854924,1.63719663,824,10.028,42.5994475,9.77019549,1
130,45,47,a,TN,825,10.025,7.7800857,1.58919585,826,10.079,46.1474523,10.2203939,2
130,45,47,a,TN,827,10.012,8.0866609,1.65431793,828,10,48.2831446,10.2647258,3
133,46,48,a,NC,793,10.074,15.5464272,0.66135906,794,10.001,64.2181644,7.20352943,1
133,46,48,a,NC,795,10.015,16.257406,0.76034157,796,10.04,71.7413126,8.18112499,2
133,46,48,a,NC,797,10.019,15.6911031,0.79145036,798,10.051,72.857384,9.23668361,3
136,47,49,a,VA,697,10.063,33.2267348,1.25527504,698,10.032,149.36556,15.6966737,1
136,47,49,a,VA,701,10.038,32.3200978,1.24391105,702,10.078,156.797236,17.1079579,2
136,47,49,a,VA,699,10.016,31.5851724,1.329832,700,10.085,165.89108,17.5018582,3
139,48,50,a,WV,725,10.04,7.6449693,1.05300492,726,10.063,41.3898441,7.3780656,1
139,48,50,a,WV,721,10.016,8.2409423,0.99209855,722,10.009,40.9554392,7.54183434,2
139,48,50,a,WV,723,10.054,8.1304358,1.01229669,724,10.043,42.3348652,7.62683811,3
142,49,51,a,NY,829,10.082,3.4239625,0.9768271,830,10.082,51.7622561,11.3485652,1
142,49,51,a,NY,833,10.08,4.1301188,1.10784314,834,10.021,67.8488412,13.6957813,2
142,49,51,a,NY,831,10.026,3.6981578,1.16428996,832,10.03,75.0344122,14.2810458,3
145,50,52,a,VT,1029,10.044,2.9088586,0.35631471,1030,10.052,18.6213353,3.34495502,1
145,50,52,a,VT,1031,10.049,2.8021013,0.20587262,1032,10.002,19.0115519,3.53386946,2
145,50,52,a,VT,1027,10.014,2.5584,0.35824522,1028,10.012,,,3
148,51,53,a,NH,973,10.083,14.4452813,0.9671151,974,10.017,57.4898544,4.99071699,1
148,51,53,a,NH,975,10.009,15.3950538,1.0002096,976,10.022,47.5061993,5.70086983,2
148,51,53,a,NH,977,10.027,15.2905052,1.0696391,978,10.035,48.9713522,6.22693451,3
151,52,54,a,ME,1019,10.013,9.4689152,0.32404757,1020,10.044,,,1
151,52,54,a,ME,1015,10.055,,0.32418546,1016,10.042,46.6079648,3.51870115,2
151,52,54,a,ME,1017,10.035,10.311194,0.30901715,1018,10.079,49.9063995,6.1476456,3
154,53,55,a,ME,1021,10.036,9.7037814,0.31784235,1022,10.007,,,1
154,53,55,a,ME,1025,10.064,10.3134028,0.47614438,1026,10.025,78.4142996,10.3444421,2
154,53,55,a,ME,1023,10.023,11.0261003,0.49620792,1024,10.008,75.8373975,22.4901241,3
157,54,56,a,NS,1047,10.011,24.7911849,7.63503744,1048,10.09,101.476265,19.6904956,1
157,54,56,a,NS,1045,10.092,24.3188766,7.90767391,1046,10.081,106.322559,20.1933018,2
157,54,56,a,NS,1049,10.014,25.5372952,8.13784364,1050,10.039,107.924301,20.5398304,3
159,55,57,a,NS,1057,9.997,23.1757535,1.55558387,1058,9.994,174.992087,24.7695177,1
159,55,57,a,NS,1061,9.975,23.1689084,1.63949815,1062,10.014,189.880068,26.0825893,2
159,55,57,a,NS,1059,10.086,23.8876385,1.88079416,1060,9.95,188.661649,26.1760161,3
163,56,58,a,NS,1081,9.934,3.4305262,0.72671803,1082,10.024,43.6356038,8.87931292,1
163,56,58,a,NS,1085,10.123,3.6961141,0.79288122,1086,10.077,43.656139,9.57237012,2
163,56,58,a,NS,1083,10.045,3.6564128,0.78183986,1084,9.967,47.4277608,9.72779839,3
166,57,59,a,NB,1099,10.076,4.3409176,3.24397652,1100,10.068,63.075542,11.1470368,1
166,57,59,a,NB,1101,9.987,4.6284097,3.50302363,1102,10.066,64.6567482,11.6175683,2
166,57,59,a,NB,1103,10.047,5.0083099,3.45206354,1104,10.096,65.2659575,11.8154633,3
170,58,60,a,QC,1115,10.007,3.1931234,0.63153487,1116,10.008,21.5315682,3.78844129,1
170,58,60,a,QC,1111,9.998,3.3089825,0.63400328,1112,10.018,22.6424521,3.86249342,2
170,58,60,a,QC,1113,9.999,3.4050774,0.65768168,1114,10.005,21.8586996,3.92740331,3
172,59,61,a,QC,1117,10.007,7.2311525,1.6448606,1118,10.007,54.7285967,9.52885291,1
172,59,61,a,QC,1121,9.981,7.1984393,1.50900693,1122,10.016,57.1411913,9.90185624,2
172,59,61,a,QC,1119,10.011,7.3367887,1.58177915,1120,10.008,55.9076331,9.98687906,3
175,60,62,a,NY,1135,9.993,10.4520343,0.69653619,1136,9.99,56.105275,6.93428559,1
175,60,62,a,NY,1137,9.995,11.2719076,0.71162088,1138,10.012,57.4138009,6.93977093,2
175,60,62,a,NY,1139,10.015,11.0831255,0.65183064,1140,10.006,56.2688407,7.11255924,3
178,61,63,a,NY,1153,9.974,8.2629796,0.99420748,1154,10.013,37.5950862,6.37295214,1
178,61,63,a,NY,1157,9.999,9.1332856,1.10108025,1158,10.005,40.7778028,6.49271546,2
178,61,63,a,NY,1155,9.986,11.4381994,1.98988868,1156,9.994,41.1799019,6.73224212,3
181,62,64,a,ID,1171,10.013,,,1172,10.008,96.0562053,12.6783541,1
181,62,64,a,ID,1175,10.019,,,1176,10.015,98.3256798,12.8639415,2
181,62,64,a,ID,1173,9.984,,,1174,10.013,98.5369522,13.294541,3
184,63,65,a,ID,1189,,,,1190,,,,1
184,63,65,a,ID,1191,,,,1192,,,,2
184,63,65,a,ID,1193,,,,1194,,,,3
186,64,66,a,ID,1201,,,,1202,,,,1
186,64,66,a,ID,1203,,,,1204,,,,2
186,64,66,a,ID,1205,,,,1206,,,,3
188,65,67,a,OR,1213,,,,1214,,,,1
188,65,67,a,OR,1215,,,,1216,,,,2
188,65,67,a,OR,1217,,,,1218,,,,3
3,72,2,c,OH,347,10.224,6.8156696,0.036033,348,10.382,10.4004585,0.3534856,1
3,72,2,c,OH,345,10.203,7.3296909,0.12024749,346,10.205,11.2203612,0.41007114,2
3,72,2,c,OH,343,10.48,7.1025652,0.05753937,344,10.449,12.0142463,0.44822449,3
6,73,3,c,OH,339,10.355,7.0948303,0.16007649,340,10.567,12.5521756,0.67952915,1
6,73,3,c,OH,337,10.488,7.1124096,0.26403147,338,10.379,12.145037,0.70157044,2
6,73,3,c,OH,341,10.108,7.2446066,0.1634278,342,10.374,13.0781509,0.75905825,3
9,74,4,c,IN,225,10.051,3.9337137,0.52908163,226,10.004,6.2120851,0.80554847,1
9,74,4,c,IN,223,10.024,3.5931287,0.56616709,224,10.001,6.1432585,0.80644133,2
9,74,4,c,IN,227,10.018,3.8350859,0.52659439,228,10.023,6.2709779,0.8309949,3
12,75,5,c,IL,907,10.016,2.6385789,0.21746566,908,10.028,5.6306148,0.57296949,1
12,75,5,c,IL,911,10.01,3.2097043,0.23191033,912,10.05,6.1342248,0.60437632,2
12,75,5,c,IL,909,10.053,2.6819816,0.22126255,910,10.064,6.3319486,0.68596804,3
15,76,6,c,IL,149,10.03,1.9890871,0.31865173,150,10.018,3.8155449,0.75066408,1
15,76,6,c,IL,145,10.02,2.0414875,0.34607653,146,10.039,4.581861,0.79388327,2
15,76,6,c,IL,147,10.014,2.0938879,0.37350133,148,10.027,4.2654008,0.83064111,3
17,77,7,c,WI,127,10.04,3.5742972,0.26207912,128,10.235,4.404473,0.33782038,1
17,77,7,c,WI,131,10.053,3.3947805,,132,10.16,4.3250032,0.33911264,2
17,77,7,c,WI,129,10.02,3.3238253,0.26760715,130,10.044,4.5733464,0.38674707,3
22,78,8,c,WI,185,10.02,1.8127634,0.30540599,186,10.02,2.9357004,0.44357097,1
22,78,8,c,WI,181,10.05,1.8142535,0.26164836,182,10.077,3.0286517,0.47620073,2
22,78,8,c,WI,183,10.054,1.9441015,0.27780171,184,10.065,2.9158329,0.50997918,3
25,79,9,c,MN,119,10.035,3.7538138,,120,10.03,4.0880128,0.37246033,1
25,79,9,c,MN,115,10.01,3.987966,0.37834733,116,10.002,4.0113555,0.38251131,2
25,79,9,c,MN,117,10.036,3.5338527,0.36632206,118,10.024,4.0156385,0.39773135,3
30,80,11,c,SD,961,10.045,1.9772663,0.25011866,962,10.024,6.0608046,0.63743258,1
30,80,11,c,SD,963,10.031,2.0312973,0.23969795,964,10.012,6.8450411,0.86666667,2
30,80,11,c,SD,965,10.018,1.9903806,,966,10.015,7.2424052,0.94137001,3
33,81,12,c,SD,901,10.054,3.0732956,0.56442651,902,10.048,10.9767347,1.27506273,1
33,81,12,c,SD,903,10,3.1380553,0.56355983,904,10.003,11.2061494,1.38401677,2
33,81,12,c,SD,905,10.022,2.9796007,0.53388636,906,10.052,11.950197,1.41001717,3
38,82,14,c,SD,873,10.049,3.6271977,1.52287582,874,10.065,8.1142182,2.41948901,1
38,82,14,c,SD,871,10.022,3.8104539,1.33778966,872,10.036,8.5923377,2.6399287,2
38,82,14,c,SD,875,10.031,3.6058408,1.4456328,876,10.067,9.205488,2.65151515,3
41,83,15,c,WY,859,10.021,13.4362255,0.93434343,860,10.006,16.3008088,1.02762923,1
41,83,15,c,WY,863,10.063,13.9687707,0.93434343,864,10.041,15.9067391,1.05377302,2
41,83,15,c,WY,861,10.01,13.8144497,0.89958408,862,10.064,18.7816565,1.21806298,3
43,84,16,c,WY,287,10.005,4.1393835,0.11799395,288,10.061,13.3854386,1.00599626,1
43,84,16,c,WY,285,10.015,4.0873485,0.11280647,286,10.05,12.1872275,1.00693943,2
43,84,16,c,WY,283,10.008,4.0247658,0.08020788,284,10.036,12.6597615,1.04059911,3
46,85,17,c,MT,217,10.02,4.9980416,0.57665816,218,10.008,16.3402302,1.53858418,1
46,85,17,c,MT,221,10.024,4.7660181,0.55972577,222,10,16.3097194,1.60395408,2
46,85,17,c,MT,335,10.029,3.56067,0.09395262,336,10.008,20.4059432,1.68762822,3
49,86,18,c,MT,359,10.421,4.486049,0.02160304,360,10.347,9.1136472,0.40845993,1
49,86,18,c,MT,355,10.157,4.3615869,0.01927646,356,10.345,9.3344444,0.41090897,2
49,86,18,c,MT,357,10.471,4.6280905,0,358,10.364,9.4117937,0.44893342,3
52,87,19,c,MT,367,10.252,5.2602453,0,368,10.363,7.6559643,0.08441428,1
52,87,19,c,MT,369,10.432,5.7412173,0,370,10.423,8.0237251,0.10477992,2
52,87,19,c,MT,371,10.17,5.8691953,0,372,10.17,8.0518522,0.12714345,3
55,88,20,c,ID,385,10.017,5.7454364,0.01733013,386,10.023,20.557126,1.8912846,1
55,88,20,c,ID,389,10.041,,,390,10.449,25.1284702,2.10783062,2
55,88,20,c,ID,387,10.096,6.6855821,0.0748115,388,10.024,27.1043934,2.12458716,3
58,89,21,c,WA,579,10.067,5.3473333,0.27756392,580,10.04,7.5326667,0.61809994,1
58,89,21,c,WA,577,10.002,4.8333333,0.30026148,578,10.034,7.5503333,0.64464701,2
58,89,21,c,WA,581,10,5.823,0.37053312,582,10.089,7.1646667,0.72341662,3
61,90,22,c,WA,375,10.002,12.2301212,0.69396555,376,10.318,24.6714061,2.19354675,1
61,90,22,c,WA,377,10.047,11.9903384,0.70949757,378,10.318,26.3730909,2.35144489,2
61,90,22,c,WA,373,10.001,11.3223216,0.67243985,374,10.086,,2.86251928,3
64,91,23,c,OR,241,10.004,7.9121717,0.74512117,242,10.005,16.502008,1.68558674,1
64,91,23,c,OR,243,10.064,6.9705962,0.68415179,244,10.041,16.5921211,1.72066327,2
64,91,23,c,OR,245,10.01,7.7553607,0.71865434,246,10.004,17.1477003,1.76721939,3
67,92,24,c,OR,247,10.062,6.6583933,0.51607143,248,10.022,43.1024025,4.37276786,1
67,92,24,c,OR,249,10.022,7.0656761,0.57704082,250,10.01,46.5792073,4.4588648,2
67,92,24,c,OR,251,10.046,7.3679453,0.57356505,252,10.009,45.947706,4.69834184,3
70,93,25,c,OR,269,10.005,6.5273676,0.25227896,270,10.007,15.946404,1.01253956,1
70,93,25,c,OR,265,10.004,6.6876916,0.29330721,266,10.006,16.0856327,1.09548029,2
70,93,25,c,OR,267,10.018,6.9823222,0.3152361,268,10.017,15.9710151,1.11263434,3
75,94,27,c,CA,469,10.017,3.116732,0.30160282,470,10.023,7.4569197,0.6831509,1
75,94,27,c,CA,471,10.054,2.8580499,0.13926896,472,10.055,8.5414479,0.82305512,2
75,94,27,c,CA,473,10.063,3.0461824,0.26876466,474,10.019,8.7717718,0.94614934,3
78,95,28,c,CA,495,10.01,6.2299089,0.40475958,496,10.036,8.8547714,0.59225958,1
78,95,28,c,CA,493,10.074,6.3606333,0.45821931,494,10.061,8.9778875,0.65666536,2
78,95,28,c,CA,497,10.07,6.1344594,0.35599101,498,10.071,9.5180766,0.66150313,3
81,96,29,c,CA,775,10.078,5.3984444,,776,10.044,12.5640363,0.71685042,1
81,96,29,c,CA,779,10.016,3.6478657,0.02634234,780,10.045,13.8413181,0.79550138,2
81,96,29,c,CA,777,10.019,5.4942061,0.02634234,778,10.042,14.4592909,0.97665083,3
83,97,30,c,CA,441,10.015,2.0429938,0.07645948,442,10.032,4.5664585,0.24201278,1
83,97,30,c,CA,443,10.046,1.9877299,0.07645948,444,10.04,5.0762144,0.29347589,2
83,97,30,c,CA,439,10.043,2.0404346,0.07645948,440,10.015,,,3
86,98,31,c,CA,509,10.022,2.6748975,0.79632525,510,10.02,4.7103245,0.92753128,1
86,98,31,c,CA,507,10.025,2.8103252,0.71525606,508,10.015,4.7760325,0.92938819,2
86,98,31,c,CA,505,10.007,2.7750503,0.79832877,506,10.039,4.5948167,0.93657154,3
89,99,32,c,AZ,415,10.035,3.7973288,0.26643582,416,10.048,15.2512744,0.94809517,1
89,99,32,c,AZ,419,10.068,3.899695,0.33755688,420,10.022,16.2617946,0.98024071,2
89,99,32,c,AZ,417,10.073,4.3935426,0.2550147,418,10.026,15.5313981,1.01556298,3
92,100,33,c,AZ,511,10.003,3.9121449,0.65485731,512,10.025,7.8172764,1.02897772,1
92,100,33,c,AZ,515,10.028,4.098894,0.70108483,516,10.072,7.6706437,1.02922205,2
92,100,33,c,AZ,513,10.01,4.4364258,0.71198202,514,10.003,7.9203342,1.15456411,3
95,101,34,c,AZ,557,10.079,4.8043333,0.26775857,558,10.027,22.3666667,2.33984602,1
95,101,34,c,AZ,553,10.019,4.9593333,0.32728065,554,10.071,23.5133333,2.47712086,2
95,101,34,c,AZ,555,10.053,4.316,0.28228501,556,10.021,25.2366667,2.8050552,3
100,102,36,c,NM,429,10.068,3.0136742,0.27643498,430,10.051,5.9103604,0.42476583,1
100,102,36,c,NM,427,10.071,3.3899391,0.24191445,428,10.029,6.492741,0.46530702,2
100,102,36,c,NM,431,10.018,2.9251413,0.22307339,432,10.023,6.5944155,0.46644157,3
102,103,37,c,NM,635,10.03,5.4394129,0.56853328,636,10.059,19.6267549,1.97961682,1
102,103,37,c,NM,633,10.033,5.4887459,0.57051664,634,10,20.5188596,2.12234727,2
102,103,37,c,NM,623,10.04,7.5614161,1.13605506,624,10.051,,,3
105,104,38,c,NM,671,10.011,3.3763986,0.21946313,672,10.024,14.387917,1.30257379,1
105,104,38,c,NM,669,10.006,2.9869568,0.21189226,670,10.093,15.0988028,1.43364354,2
105,104,38,c,NM,667,10.05,2.9972595,0.17786173,668,10.002,15.7176513,1.55381001,3
108,105,39,c,TX,605,10.053,3.2166882,0.33811038,606,10.069,8.7495187,0.87531521,1
108,105,39,c,TX,639,10.063,3.6017595,0.35050632,640,10.018,8.2740036,0.88239861,2
108,105,39,c,TX,641,10.086,3.531186,0.32288107,642,10.009,7.9745798,0.92206563,3
111,106,40,c,TX,595,10.086,3.4674642,0.30949345,596,10.012,18.570207,1.39204903,1
111,106,40,c,TX,599,10.015,3.5551673,0.39661924,600,10.036,18.486615,1.41259088,2
111,106,40,c,TX,597,10.043,3.5633894,0.34675212,598,10,19.7864019,1.5481671,3
114,107,41,c,OK,657,10.015,5.0770298,0.34630978,658,10.045,22.7454617,1.76304555,1
114,107,41,c,OK,655,10.001,5.6601622,0.36412359,656,10.035,21.7632716,1.76580976,2
114,107,41,c,OK,659,10.073,5.1601382,0.38086243,660,10.051,23.0408055,1.80566049,3
117,108,42,c,TX,661,10.015,6.9225856,0.34047422,662,10.031,11.4221151,0.69099174,1
117,108,42,c,TX,665,10.024,7.0159966,0.37656255,666,10.001,12.2319068,0.69498449,2
117,108,42,c,TX,663,10.006,7.2934825,0.2868792,664,10.035,12.0952244,0.74420283,3
120,109,43,c,TX,589,10.044,6.1156858,0.39994843,590,10.055,10.039713,0.65027569,1
120,109,43,c,TX,593,10.004,5.9286316,0.40356097,594,10.079,10.902355,0.68640101,2
120,109,43,c,TX,591,10.056,6.0245569,,592,10.092,10.3076185,0.72450969,3
123,110,44,c,AR,847,10.024,5.1111593,1.05407011,848,10.062,12.8699226,2.34729649,1
123,110,44,c,AR,849,10.04,5.2027874,1.06417112,850,10.009,13.8819651,2.36096257,2
123,110,44,c,AR,851,10.028,5.083602,1.0620915,852,10.072,13.74969,2.46553773,3
126,111,45,c,TN,791,10.031,,,792,10.025,,,1
126,111,45,c,TN,857,10.078,4.2465484,0.82596554,858,10.028,15.8915826,1.81521093,2
126,111,45,c,TN,855,10.012,4.5662133,0.80380273,856,10.052,16.0803503,1.85026738,3
129,112,46,c,TN,807,10.021,10.2912464,0.43121518,808,10.04,19.4285645,1.40743492,1
129,112,46,c,TN,809,10.044,10.5840429,0.57063147,810,10.052,17.4361704,1.457423,2
129,112,46,c,TN,805,10.006,9.5072407,0.49771308,806,10.008,18.3800085,1.46422566,3
132,113,47,c,TN,801,10.029,4.5531236,0.24306435,802,10.048,10.4503899,1.09718783,1
132,113,47,c,TN,803,10.023,4.4435833,0.27664961,804,10.076,10.1059234,1.12783801,2
132,113,47,c,TN,799,10.019,4.5607019,0.28965874,800,10.056,10.3463611,1.19746972,3
135,114,48,c,NC,845,10.067,6.8155795,0.9144385,846,10.022,12.2195698,1.88829471,1
135,114,48,c,NC,843,10.062,6.974723,0.93285799,844,10.063,12.8092965,1.96137849,2
135,114,48,c,NC,841,10.026,6.9671448,0.95424837,842,10.054,11.9998002,1.9714795,3
138,115,49,c,VA,769,10.032,12.5254561,0.36983839,770,10.004,28.8965705,2.55555556,1
138,115,49,c,VA,771,10.089,13.6132812,0.33345563,772,10.052,31.9485436,2.71606773,2
138,115,49,c,VA,773,10.093,13.6277488,0.46668073,774,10.023,30.7566895,2.89568849,3
141,116,50,c,WV,839,10.025,8.0680597,0.82346999,840,10.016,12.577126,1.17320261,1
141,116,50,c,WV,837,10.007,7.3625923,0.8150921,838,10.023,13.1620301,1.21122995,2
141,116,50,c,WV,835,10.036,7.386705,0.81238859,836,10.065,13.6628844,1.40463458,3
144,117,51,c,NY,811,10.004,2.2746156,0.230017,812,10.069,10.6067777,1.2797131,1
144,117,51,c,NY,813,10.028,2.1437183,0.23951779,814,10.014,10.3918306,1.29744587,2
144,117,51,c,NY,815,10.016,2.2005553,0.25008102,816,10.055,12.0135789,1.65301855,3
147,118,52,c,VT,1041,10.093,4.4646429,0.43606903,1042,10.056,7.6293284,0.76449365,1
147,118,52,c,VT,1043,10.063,4.1856371,0.42679898,1044,10.066,8.1532829,0.79774811,2
147,118,52,c,VT,1039,10.04,4.3611619,0.38037516,1040,10.023,7.6208141,0.88912432,3
150,119,53,c,NH,989,10.01,4.389473,0.06460047,990,10.008,6.3214133,0.25758278,1
150,119,53,c,NH,985,10.088,4.3718028,0.10734753,986,10.001,6.0143938,0.27764632,2
150,119,53,c,NH,987,10.028,4.4594175,0.07749353,988,10.068,6.8787604,,3
153,120,54,c,ME,1005,10.061,5.8641973,0.07721775,1006,10.086,8.9645786,0.3464553,1
153,120,54,c,ME,1007,10.062,5.672034,0.10072863,1008,10.01,10.5063024,0.39768284,2
153,120,54,c,ME,1003,10.003,5.723572,0.18339594,1004,10.023,,,3
156,121,55,c,ME,999,10.048,9.9062523,,1000,10.087,5.1110056,0.33376908,1
156,121,55,c,ME,1001,10.011,9.7575282,0.02284624,1002,10,6.171953,0.36238203,2
156,121,55,c,ME,997,10.026,12.9889635,0,998,10.001,,,3
158,122,56,c,NS,1051,9.977,7.7052591,1.37450569,1052,10.061,25.2771834,4.23260223,1
158,122,56,c,NS,1053,10.035,8.046827,1.39633359,1054,9.969,27.8030063,4.7396551,2
158,122,56,c,NS,1055,9.952,7.9633174,1.33823909,1056,10.085,28.603877,4.86026064,3
161,123,57,c,NS,1075,9.95,10.1537329,0.71644108,1076,9.94,16.9515507,1.82168046,1
161,123,57,c,NS,1077,10.08,9.9312689,0.77580959,1078,10.005,17.6319486,1.85174691,2
161,123,57,c,NS,1079,10.084,9.7129118,0.82855328,1080,10.015,18.9345613,1.89820553,3
165,124,58,c,NS,1097,10.017,2.8466435,,1098,10.065,3.9432203,0.32764109,1
165,124,58,c,NS,1095,9.944,2.9472657,0.3344018,1096,10.036,4.243718,0.3651647,2
165,124,58,c,NS,1093,10.026,2.6796243,0.30926149,1094,10.089,3.7953673,0.37483013,3
169,125,59,c,NB,1109,10,2.081558,,1110,10.007,3.7581067,0.38217117,1
169,125,59,c,NB,1105,10.005,2.6444967,0.15440144,1106,9.965,4.5139167,0.47968229,2
169,125,59,c,NB,1107,9.984,2.3643904,0.15440144,1108,10.012,3.5986301,0.51314288,3
171,126,60,c,QC,1225,,,,1226,,,,1
171,126,60,c,QC,1227,,,,1228,,,,2
171,126,60,c,QC,1229,,,,1230,,,,3
174,127,61,c,QC,1129,10.008,0.9753765,0.15440144,1130,10.001,2.1013222,0.15440144,1
174,127,61,c,QC,1131,10,0.8831664,0.15440144,1132,10.004,1.7857766,0.15440144,2
174,127,61,c,QC,1133,9.996,0.9145165,0.15440144,1134,9.983,1.5757991,0.15440144,3
177,128,62,c,NY,1147,9.928,6.3267703,0.44521605,1148,10.011,8.3468071,0.63537461,1
177,128,62,c,NY,1151,9.99,6.2565733,0.42327468,1152,10.004,8.3543038,0.67907451,2
177,128,62,c,NY,1149,10.003,5.7174879,0.46030989,1150,9.992,9.0664963,0.78868995,3
180,129,63,c,NY,1165,10.003,,,1166,9.982,22.240353,3.13659967,1
180,129,63,c,NY,1169,9.995,,,1170,10.01,23.9782389,3.28378971,2
180,129,63,c,NY,1167,10.013,,,1168,9.989,24.57798,3.71347493,3
183,130,64,c,ID,1183,,,,1184,,,,1
183,130,64,c,ID,1185,,,,1186,,,,2
183,130,64,c,ID,1187,,,,1188,,,,3
190,131,67,c,OR,1243,,,,1244,,,,1
190,131,67,c,OR,1245,,,,1246,,,,2
190,131,67,c,OR,1247,,,,1248,,,,3
,132,68,c,AK,,,,,,,,,1
,132,68,c,AK,,,,,,,,,2
,132,68,c,AK,,,,,,,,,3
,133,69,c,AK,,,,,,,,,1
,133,69,c,AK,,,,,,,,,2
,133,69,c,AK,,,,,,,,,3
,134,71,c,AK,,,,,,,,,1
,134,71,c,AK,,,,,,,,,2
,134,71,c,AK,,,,,,,,,3
19,135,7,o,WI,187,4.033,16.6477926,2.30562137,188,4.013,72.9840918,13.2888219,1
19,135,7,o,WI,189,4.005,16.8138278,2.22557255,190,4.035,78.0148154,15.1877378,2
19,135,7,o,WI,192,4.084,18.1811344,2.41510518,192,4.018,105.978259,18.0020102,3
18,136,7,e,WI,301,10.283,5.872008,0.3328028,302,10.301,,,1
18,136,7,e,WI,303,10.354,6.1286671,0.59158732,304,10.318,16.0982899,1.36487557,2
18,136,7,e,WI,305,10.074,6.1659354,0.354378,306,10.444,16.2480663,1.46284821,3
162,137,57,e,NS,1063,10.036,5.4724042,0.52882303,1064,10.08,16.2588318,2.39922813,1
162,137,57,e,NS,1065,10.033,4.6756405,0.55753054,1066,10.024,17.6209965,2.63975974,2
162,137,57,e,NS,1067,10.028,4.948758,0.63057334,1068,10.035,17.2096091,2.70116665,3
2,138,2,b,OH,195,10.033,9.822612,0.57811042,196,10.048,14.4070274,1.12858066,1
2,138,2,b,OH,193,10.017,9.7303702,0.58116161,194,10.029,14.6000255,1.24452581,2
2,138,2,b,OH,197,10.007,9.9971618,0.61479647,198,10.023,14.7823804,1.27216599,3
5,139,3,b,OH,229,10.02,10.9660834,1.21332908,230,10.032,24.2637972,3.08928571,1
5,139,3,b,OH,233,10,11.3116352,1.14381378,234,10.049,24.9449671,3.14891582,2
5,139,3,b,OH,231,10.037,11.5457874,1.16964286,232,10.029,25.1223551,3.16039541,3
8,140,4,b,IN,253,10.029,3.3731676,0.33970026,254,10.036,4.900833,0.53246174,1
8,140,4,b,IN,255,10.037,3.4114834,0.40302934,256,10.003,4.7482793,0.54521684,2
8,140,4,b,IN,257,10.036,3.3667816,0.36734694,258,10.026,4.6865483,0.6073023,3
11,141,5,b,IL,917,10.054,3.4639206,0.32885466,918,10.02,8.0308573,0.80181425,1
11,141,5,b,IL,913,10.003,3.1242766,0.33492142,914,10.075,7.3067887,0.80371269,2
11,141,5,b,IL,915,10.015,3.2689525,0.3831666,916,10.024,7.8510458,0.83243694,3
14,142,6,b,IL,165,10.037,2.1842139,0.43689425,166,10,6.5593824,1.01532773,1
14,142,6,b,IL,167,10.002,2.209332,0.41341805,168,10.016,6.2308598,1.05567521,2
14,142,6,b,IL,163,10.032,,0.47498026,164,10.022,6.3919281,1.07900783,3
16,143,7,b,WI,0,0,0,0,0,0,0,0,1
16,143,7,b,WI,0,0,0,0,0,0,0,0,2
16,143,7,b,WI,0,0,0,0,0,0,0,0,3
21,144,8,b,WI,175,10.02,2.2382817,0.35702491,176,10.031,4.2419856,0.74843851,1
21,144,8,b,WI,177,10.016,2.1338357,0.3483021,178,10.019,5.0764187,0.8963314,2
21,144,8,b,WI,179,10.011,2.138164,0.35268146,180,10.004,5.6291597,0.93168928,3
24,145,9,b,MN,159,10.027,4.8046603,0.43707373,160,10.02,8.0317028,1.04641396,1
24,145,9,b,MN,157,10.052,,,158,10.045,7.9635858,1.16698973,2
24,145,9,b,MN,161,10.033,4.792598,0.44123771,162,10.06,8.5638668,1.25529471,3
27,146,10,b,MN,953,10.009,3.7887479,0.48042071,954,10.019,10.4265631,1.148274,1
27,146,10,b,MN,949,10.013,3.9523741,0.57845847,950,10.057,10.6922054,1.32747623,2
27,146,10,b,MN,951,10.027,3.8975968,0.5933657,952,10.011,10.6522473,1.3596672,3
29,147,11,b,SD,883,10.018,2.585531,1.32828283,884,10.002,21.2273686,3.78906714,1
29,147,11,b,SD,887,10.001,2.6998939,0.68666964,888,10.084,23.0061935,3.88532383,2
29,147,11,b,SD,885,10.021,2.6840484,1.34670232,886,10.063,22.6686163,3.97207368,3
32,148,12,b,SD,121,10.033,3.6956306,0.42095628,122,10.006,19.2587514,0.79571533,1
32,148,12,b,SD,125,10.007,3.6715058,0.27525307,126,10.002,21.4366571,0.92943267,2
32,148,12,b,SD,123,10.022,3.6778918,0.44314021,124,9.995,21.7820518,1.03229217,3
35,149,13,b,SD,151,10.06,11.6873146,0.76067916,152,10.004,27.3056264,4.05807562,1
35,149,13,b,SD,153,10.066,12.0733109,0.78096059,154,10.044,25.1948808,4.38379734,2
35,149,13,b,SD,155,10.008,11.7575603,0.86546055,156,10.07,27.1548588,4.61637409,3
37,150,14,b,SD,867,10.097,3.3295786,1.26648841,868,10.052,4.8183628,1.61942959,1
37,150,14,b,SD,865,10.02,2.8569706,1.05169341,866,10.067,5.8717413,1.7150921,2
37,150,14,b,SD,869,10.034,3.0223145,1.1969697,870,10.039,5.2393009,1.79382056,3
40,151,15,b,WY,935,10.052,2.5524622,0.26608228,936,10.027,9.2888489,0.72727978,1
40,151,15,b,WY,933,10.032,2.4595252,0.2228721,934,10.004,9.1972208,0.79814118,2
40,151,15,b,WY,931,10.013,2.4916984,0.22662771,932,10.07,9.5974909,0.81407158,3
45,152,17,b,MT,331,10.195,3.2365061,0,332,10.158,21.0704441,1.42306827,1
45,152,17,b,MT,333,10.3,3.4959778,0,334,10.425,21.3334318,1.46276838,2
45,152,17,b,MT,219,10.021,4.7326692,,220,10.035,16.9007762,1.62882653,3
48,153,18,b,MT,391,10.043,4.6667651,,392,10.242,12.5887408,0.87048923,1
48,153,18,b,MT,395,10.004,,0.38119917,396,10.266,12.4943041,1.36447442,2
48,153,18,b,MT,393,10.026,4.7027162,0.42484147,394,10.408,11.6483998,1.3741559,3
51,154,19,b,MT,239,10.019,7.609193,0.38376913,240,10.017,13.0578427,0.67614796,1
51,154,19,b,MT,237,10.004,7.8575362,0.44298469,238,10.002,11.6720876,0.68523597,2
51,154,19,b,MT,235,10.063,7.8178012,0.43571429,236,10.001,12.5129068,0.71922832,3
54,155,20,b,ID,199,10.058,4.614174,0.38740434,200,10.01,26.1795876,3.86352041,1
54,155,20,b,ID,201,10.002,5.0817688,0.43109056,202,10.044,29.0390821,4.02710459,2
54,155,20,b,ID,203,10.022,5.3088254,0.5028699,204,10.001,28.3224346,4.06154337,3
57,156,21,b,WA,487,10.034,9.155645,0.61244136,488,10.055,21.5647777,2.66321345,1
57,156,21,b,WA,489,10.036,9.3071193,0.5893276,490,10.018,24.4476307,2.84157545,2
57,156,21,b,WA,491,10.07,9.8383168,0.69453675,492,10.024,24.0326327,3.07271306,3
60,157,22,b,WA,295,10.015,18.2035974,1.33675707,296,10.012,58.2761652,5.08801268,1
60,157,22,b,WA,299,10.045,19.0523303,1.22587468,300,10.01,58.9019914,5.20885739,2
60,157,22,b,WA,297,10.005,18.8132506,1.34064768,298,10,58.1777206,5.29786983,3
63,158,23,b,OR,289,10.034,14.232062,0.85579512,290,10.029,41.6671589,3.53412655,1
63,158,23,b,OR,291,10.003,15.3641746,0.91380058,292,10.031,42.1171912,3.6313918,2
63,158,23,b,OR,293,10.051,15.3859731,0.88078935,294,10.007,42.9188113,3.69564582,3
66,159,24,b,OR,259,10.076,6.0460499,0.41399872,260,10.073,59.8478295,7.66996174,1
66,159,24,b,OR,261,10.012,6.6101438,0.59553571,262,10.005,66.624051,8.42059949,2
66,159,24,b,OR,263,10.015,6.7527637,0.56463648,264,10.065,65.2120425,8.46715561,3
69,160,25,b,OR,325,10.143,10.0158214,0.23288485,326,10.313,34.2556887,2.75836245,1
69,160,25,b,OR,329,10.415,10.1248137,0.20918604,330,10.16,34.6916575,2.81418312,2
69,160,25,b,OR,327,10.349,10.8561162,0.18940043,328,10.349,36.660549,3.13771319,3
72,161,26,b,OR,433,10.078,3.550405,0.23245232,434,10.049,9.377669,0.91103326,1
72,161,26,b,OR,435,10.038,3.055174,0.222612,436,10.021,9.9572829,0.97161814,2
72,161,26,b,OR,437,10.012,3.2806563,0.22470714,438,10.034,13.1354761,1.07039948,3
74,162,27,b,CA,463,10.027,3.2391564,0.13926896,464,10.032,6.6781068,0.52756059,1
74,162,27,b,CA,467,10.083,3.3615809,0.13926896,468,10.007,7.1505129,0.5317631,2
74,162,27,b,CA,465,10.045,3.3968557,0.13926896,466,10.022,6.9049724,0.64127248,3
77,163,28,b,CA,517,10.059,,,518,10.091,13.448108,1.14376466,1
77,163,28,b,CA,519,10.028,6.4553912,0.50019547,520,10.01,14.0498551,1.24408718,2
77,163,28,b,CA,521,10.033,6.2617254,0.56078968,522,10.06,13.9509472,1.39303167,3
80,164,29,b,CA,403,10.087,3.0869905,0.28584417,404,10.008,24.7173794,1.7151255,1
80,164,29,b,CA,407,10.007,3.046874,0.27132951,408,10.002,25.3744596,1.8636757,2
80,164,29,b,CA,405,10.014,3.0849155,0.26002941,406,10.021,25.5612088,1.91904165,3
85,165,31,b,CA,453,10.029,3.4079223,0.55259161,454,10.045,6.7216816,0.72443787,1
85,165,31,b,CA,451,10.011,3.8927783,,452,10.01,7.2418124,0.77708091,2
85,165,31,b,CA,455,10.031,3.2239399,0.43323712,456,10.046,6.7534981,0.80975591,3
88,166,32,b,AZ,499,10.043,4.3112347,0.32740422,500,10.061,14.9538591,1.01871579,1
88,166,32,b,AZ,501,10.028,4.24276,0.44942338,502,10.007,16.6816343,1.24921814,2
88,166,32,b,AZ,503,10.026,4.0836774,0.31895035,504,10,17.0447575,1.26822713,3
91,167,33,b,AZ,525,10.014,5.6223333,0.80828733,526,10.01,13.4433333,1.6527455,1
91,167,33,b,AZ,523,10.013,5.4363333,0.72871877,524,10.026,12.6366667,1.6759878,2
91,167,33,b,AZ,527,10.003,5.55,0.85862144,528,10.014,13.2066667,1.79002034,3
94,168,34,b,AZ,551,10.059,3.7183333,0.35731406,552,10.015,25.2633333,2.29408774,1
94,168,34,b,AZ,549,10.023,3.722,0.36454096,550,10.016,26.1566667,2.57553748,2
94,168,34,b,AZ,547,10.028,3.7466667,0.31671267,548,10.044,20.6733333,2.87115049,3
97,169,35,b,NM,563,10.079,3.3903333,0.37641633,564,10.001,9.6993333,1.45700174,1
97,169,35,b,NM,559,10.04,3.352,0.36860837,560,10.061,10.4,1.61824521,2
97,169,35,b,NM,561,10.065,3.4646667,0.3824448,562,10.01,11.1166667,1.65674027,3
99,170,36,b,NM,411,10.05,3.1277986,0.25946213,412,10.044,8.1236832,0.58004768,1
99,170,36,b,NM,413,10.066,3.1872817,0.30051009,414,10.048,8.6735556,0.65228059,2
99,170,36,b,NM,409,10.054,3.1775984,0.25490881,410,10.058,9.0352956,0.77163508,3
104,171,38,b,NM,609,10.032,3.835406,0.30177255,610,10.061,36.3156899,3.49348044,1
104,171,38,b,NM,611,10.024,4.036849,0.26628473,612,10.064,36.7473535,3.6889822,2
104,171,38,b,NM,607,10.015,3.6894626,0.28781826,608,10.005,38.8508568,4.06794395,3
107,172,39,b,TX,601,10.023,3.2324474,0.31261015,602,10.052,8.5672607,0.81305215,1
107,172,39,b,TX,603,10.026,3.2913729,0.26904726,604,10.082,9.2133857,0.85413585,2
107,172,39,b,TX,637,10.042,3.4482792,0.30411007,638,10.016,8.1595785,0.86469012,3
110,173,40,b,TX,679,10.029,3.2163634,0.28323966,680,10.037,6.9871491,0.38508554,1
110,173,40,b,TX,683,10.091,3.204687,0.30016278,684,10.081,8.421284,0.72139808,2
110,173,40,b,TX,681,10.031,3.0941048,0.25801622,682,10.089,,,3
113,174,41,b,OK,709,10.018,6.6938658,0.5580024,710,10.008,30.5961138,3.69845511,1
113,174,41,b,OK,713,10.005,6.9933307,0.45319267,714,10.014,31.5989093,3.72379373,2
113,174,41,b,OK,711,10.094,8.171272,0.47300286,712,10.049,32.5810994,3.7898277,3
116,175,42,b,TX,625,10.071,5.3756912,0.37770657,626,10.02,10.1959341,1.01705399,1
116,175,42,b,TX,627,10.052,5.4832645,0.39456505,628,10.001,10.3165259,1.08200874,2
116,175,42,b,TX,629,10.02,5.4161168,0.58928764,630,10.047,11.0352799,1.17756377,3
119,176,43,b,TX,649,10.054,4.6685852,0.4411738,650,10.007,14.3453857,1.77830667,1
119,176,43,b,TX,651,10.085,4.9734904,0.48034499,652,10.014,14.3679966,1.83752387,2
119,176,43,b,TX,653,10.072,,,654,10.023,,,3
122,177,44,b,AR,781,10.022,6.6695257,0.38168571,782,10.064,21.6558849,2.72906157,1
122,177,44,b,AR,783,10.021,6.8507151,0.52278356,784,10.077,21.3479318,3.04855723,2
122,177,44,b,AR,785,10.056,7.4659323,0.49710161,786,10.068,23.6606798,3.26715952,3
125,178,45,b,TN,787,10.012,2.009652,0.02634234,788,10.04,5.7435998,0.30471631,1
125,178,45,b,TN,789,10.048,2.0628376,0.02634234,790,10.006,5.6788401,0.30754438,2
125,178,45,b,TN,853,10.02,,,854,10.043,,,3
128,179,46,b,TN,737,10.057,14.849231,0.6769607,738,10.033,30.2934672,2.48878886,1
128,179,46,b,TN,735,10.028,14.2250598,0.6879566,736,10.016,34.043067,2.59523854,2
128,179,46,b,TN,733,10.008,15.1799884,0.622995,734,10.015,33.6924947,2.6693244,3
131,180,47,b,TN,703,10.02,7.3429354,0.51623207,704,10.036,17.773382,2.05298074,1
131,180,47,b,TN,705,10.016,7.4287912,0.51254645,706,10.045,19.0777029,2.22443871,2
131,180,47,b,TN,707,10.049,7.5984422,0.48613287,708,10.032,18.7006243,2.42845296,3
134,181,48,b,NC,727,10.062,13.0460698,0.59936551,728,10,27.6641746,2.9453917,1
134,181,48,b,NC,731,10.005,13.5643072,0.66268943,732,10.054,26.1475681,2.96722754,2
134,181,48,b,NC,729,10.082,14.326421,0.77147866,730,10.041,28.8073453,2.99452233,3
137,182,49,b,VA,693,10.037,14.5610022,0.67225652,694,10.03,37.2379167,4.04091035,1
137,182,49,b,VA,695,10.068,13.892014,0.58909979,696,10.074,41.3246516,4.63751958,2
137,182,49,b,VA,691,10.019,13.6708496,0.67386898,692,10.005,42.1282617,5.03602691,3
140,183,50,b,WV,749,10.028,8.9337037,0.40518258,750,10.004,18.6674212,1.43887527,1
140,183,50,b,WV,747,10.006,8.1411054,0.40752213,748,10.041,21.1694408,1.64218246,2
140,183,50,b,WV,745,10.054,7.7752907,0.40557251,746,10.032,20.3494063,1.73428288,3
143,184,51,b,NY,759,10.091,7.6396345,0.74270215,760,10.017,56.6168778,7.47944624,1
143,184,51,b,NY,761,10.07,7.6106742,0.6565286,762,10.08,50.2532275,7.5839463,2
143,184,51,b,NY,757,10.003,6.7914018,0.58119498,758,10.044,48.3174585,7.60032317,3
146,185,52,b,VT,1035,10.011,4.7833709,1.10018257,1036,10.017,13.4623772,1.47518464,1
146,185,52,b,VT,1037,10.043,4.9309624,0.74919071,1038,10.09,10.8555785,1.4889554,2
146,185,52,b,VT,1033,10.037,4.1008599,1.23738686,1034,10.037,17.6273873,,3
149,186,53,b,NH,979,10.036,5.1029067,0.21387046,980,10.01,8.4271105,0.56598216,1
149,186,53,b,NH,981,10.046,5.2295431,,982,10.026,8.7915581,0.61307288,2
149,186,53,b,NH,983,10.083,5.0079295,0.20394211,984,10.01,8.5802521,0.81053674,3
152,187,54,b,ME,1009,10.063,16.4331773,0.40119913,1010,10.095,,,1
152,187,54,b,ME,1011,10.017,16.8359102,,1012,10.044,42.8751381,2.97057347,2
152,187,54,b,ME,1013,10.01,16.626813,0.51213465,1014,10.059,46.9245557,3.48491718,3
155,188,55,b,ME,993,10.027,6.6240153,0.0749425,994,10.012,12.8439207,1.01689474,1
155,188,55,b,ME,995,10.039,7.0039243,0.08811135,996,10.004,14.6087305,1.18112621,2
155,188,55,b,ME,991,10.011,6.4296432,0.06901307,992,10.072,,,3
160,189,57,b,NS,1069,10.046,16.5634365,0.86940628,1070,9.97,44.929318,5.27473603,1
160,189,57,b,NS,1073,10.078,16.6496841,1.014048,1074,10.077,49.9535837,5.56520853,2
160,189,57,b,NS,1071,9.93,17.5908783,0.99510783,1072,9.956,48.9062913,5.61446995,3
164,190,58,b,NS,1087,10.066,3.2922562,0.37860118,1088,10.042,6.0378052,0.63549948,1
164,190,58,b,NS,1089,10.012,3.693376,0.38877621,1090,10.109,6.5682965,0.67439901,2
164,190,58,b,NS,1091,10.074,3.620134,0.37609564,1092,9.993,6.917394,0.80893364,3
168,191,59,b,NB,1231,,,,1232,,,,1
168,191,59,b,NB,1233,,,,1234,,,,2
168,191,59,b,NB,1235,,,,1236,,,,3
173,192,61,b,QC,1123,9.989,3.0731752,0.55867123,1124,10.008,15.8231241,2.45148031,1
173,192,61,b,QC,1127,9.986,3.2060724,0.40219267,1128,10.011,16.404464,2.51419607,2
173,192,61,b,QC,1125,10.001,3.2306072,0.42758981,1126,9.988,15.8033599,2.57901454,3
176,193,62,b,NY,1143,9.994,5.4694132,0.42961025,1144,9.999,10.9529544,1.02565678,1
176,193,62,b,NY,1141,10.002,5.8456144,0.59149187,1142,10.005,11.3359708,1.09797189,2
176,193,62,b,NY,1145,9.988,5.7249847,0.52557633,1146,9.991,11.0115655,1.18491458,3
179,194,63,b,NY,1159,10.004,,,1160,10.004,22.9763988,3.05249108,1
179,194,63,b,NY,1161,10.008,,,1162,10.005,23.2421931,3.28836083,2
179,194,63,b,NY,1163,10.004,,,1164,10.001,24.4757514,3.35418495,3
182,195,64,b,ID,1177,,,,1178,,,,1
182,195,64,b,ID,1179,,,,1180,,,,2
182,195,64,b,ID,1181,,,,1182,,,,3
185,196,65,b,ID,1195,,,,1196,,,,1
185,196,65,b,ID,1197,,,,1198,,,,2
185,196,65,b,ID,1199,,,,1200,,,,3
187,197,66,b,ID,1207,,,,1208,,,,1
187,197,66,b,ID,1209,,,,1210,,,,2
187,197,66,b,ID,1211,,,,1212,,,,3
189,198,67,b,OR,1219,,,,1220,,,,1
189,198,67,b,OR,1221,,,,1222,,,,2
189,198,67,b,OR,1223,,,,1224,,,,3
,199,72,b,AK,,,,,,,,,1
,199,72,b,AK,,,,,,,,,2
,199,72,b,AK,,,,,,,,,3
,200,73,b,AK,,,,,,,,,1
,200,73,b,AK,,,,,,,,,2
,200,73,b,AK,,,,,,,,,3
