seqID,unique_ID,pedon_ID,horizon,location,state,latitude_longitude_full,latitude,longitude,horizon_old,depth_inches,horizon_top_inches,horizon_bottom_inches,horizon_middle_inches,total_depth_sampled_inches,region,soil_order,dominant_vegetation_class,soil_moisture_regime,soil_temperature_regime,elevation_m,mat_c,map_mm,aridity,series_extent_map_acres,common_vegetation,soil_family,soil_series_name,date_sampled,soil_series_checked with red book,mean_VWC,mean_db,mean_GWC,mean_HWC,pH,delta13C_bulk,delta15N_bulk,SOC,TN,relative_coarse_fraction,relative_fine_fraction,fine_coarse_ratio,C_silt_clay,C_sand_pom,N_silt_clay,N_sand_pom,delta15N_silt_clay,delta15N_sand_pom,delta13C_silt_clay,delta13C_sand_pom,extract,Ca,Mg,Na,K,CEC,mean_FumC_wet,mean_FumN_wet,WHC,texture_class,sand,silt,clay,silt_clay,DOC,DN,MBC,MBN,IC,HH_DOC,Fe,Al,Fe_Al,MBC_C,MBN_N,DOC_C,DN_N,HH_DOC_C,No.,group_veg,group_moist,soil_temp,LCMS_no,DNA.extract,DNA.conc,DNA.volume,total.DNA.ug.per.g,data
B061,60,62,a,Vermontville,NY,"44.50437, -74.02174",44.50437,-74.02174,a,1-5,1,5,3,23,northeast,spodosol,mixed coniferous and hardwood forest,udic,frigid,528,4.34,1042,0.93,937810,"northern red oak, eastern white pine, paper birch, American beech, eastern hemlock, and red pine","Coarse-loamy over sandy or sandy-skeletal, isotic over mixed, frigid Typic Haplorthods",monandock,2008-09-19,NA,0.22886873792931503,0.7721176103769198,0.2984558528585158,0.014155836726732218,3.83,-26.93,4.15,5.080920742000928,0.2738220759162177,0.7661663469134409,0.24748899672723162,0.32302253645603174,6.82,5.56,0.35,0.24,4.9,3.39,-26.44,-27.1,ammonium chloride,1,0.2,0,0.1,1.3,0.2829025383205891,0.0349682904440589,0.6637354239035582,Sandy Loam,70,25,5,30,0.07098967165725538,0.004457718690295371,0.2963467850136441,0.04094706270124942,0,5.0443794522010466,3.8218688120138364,2.5018822403831282,6.323751052396965,5.832540991319206,14.953893897794469,1.3971812445414922,1.6279617614393203,99.28081362305426,44,C,M,Y,44,IS_2,85.2,100,34.08,B061
B137,199,72,c,Oksrukuyik Creek (Oks),AK,"68.65769, -149.27448",68.65769,-149.27448,b,4-12,4,12,8,12,arctic,gelisol,tussock sedges and forbes,aquic,pergelic,846,-9.2,238,0.381,NA,"cottongrass, sedges, forbes, lichen, woody shrubs, mosses",NA,NA,9-17-19,NA,NA,NA,7.13780260707635,0.08752327746741141,3.77,-25.29,2.6,33.5348677839851,1.315903165735568,0.7412606566918889,0.13756976067381113,0.18558891454965368,18.77,40.8,1.65,1.69,3.17,0.43,-25.52,-24.48,NA,NA,NA,NA,NA,NA,0.3122001820775957,0.02758581651615729,5.098706827309236,NA,NA,NA,NA,NA,0.42757536624438003,0,2.113048089396389,0.2244879295635146,0.03624995496334205,NA,NA,NA,NA,6.301047921248986,17.059608594985754,1.2750173013909205,0,NA,100,F,L,Z,100,RW_3,59,100,23.6,B137
B074,73,3,c,Punderson Park,OH,"41.46000, -81.20551",41.46,-81.20551,c,9-20,9,20,14.5,20,northeast,alfisol,deciduous hardwood forest,aquic,mesic,353,8.88,1081,0.764,204577,deciduous forest,"Fine, illitic, mesic Aquic Hapludalfs",ellsworth,6-19-19,x,0.05227512876770123,0.16468488966606093,0.18391363978232977,0.01783226525494569,3.91,-24.46,3.76,0.4071329061019783,0.0712482585678462,0.36581724069281296,0.640453912004778,1.7507482993197283,0.52,0.53,0.08,0.02,4.04,5.77,-24.66,-26.68,ammonium chloride,1.8,0.7,0,0.1,2.6,0.06031144314087439,0.0034178533937112596,0.4513907638462484,Loam,45,35,20,55,0.04104287832469279,0.0011208041090898908,0.030360661844744834,0.0029256391425011947,0,0.8255415009980767,2.49071911398688,2.4967596615551586,4.987478775542038,7.4571869258684105,4.106260561744471,10.080953347065593,1.5730968470234319,202.7695351137488,57,A,L,W,57,LL_2,10.4,100,4.16,B074
B125,123,57,c,Halifax,NS,"44.69163, -63.69356",44.69163,-63.69356,c,11-14,11,14,12.5,14,northeast,spodosol,mixed coniferous and hardwood forest,udic,cryic,57,6.56,1448,1.281,NA,NA,NA,NA,7-31-19,NA,0.08659286425171778,0.10805245223393618,0.5419913419913422,0.13727678571428625,4.32,-25.56,6.78,8.074665178571433,0.2956919642857144,0.6028386149516701,0.40156613238712835,0.6661254312969352,10.68,6.2,0.43,0.18,6.88,5.19,-25.04,-25.74,ammonium chloride,0.5,0.1,0,0,0.6,0.08930535495358453,0.009298100841059429,0.8359086107075049,Sandy Loam,75,16.3,8.8,25.1,0.07630083862172142,0.005940123465939988,0.06140724551016956,0.008397467527936069,0,28.125712291298665,4.849417167644882,31.59606227562826,36.44547944327314,0.7604927777455375,2.8399376859027377,0.9449412072739409,2.0088890410969378,348.32047731141535,91,C,M,Y,91,RW_2,0.6,100,0.134,B125
B133,131,67,c,Wallowa,OR,"45.69370, -117.27435",45.6937,-117.27435,c,12-14,12,14,13,14,west,andisol,coniferous forest,udic,frigid,1489.8,4.96,496,0.34,217188,"grand fir, western larch, lodgepole pine, twinflower, princes pine, pinegrass, big huckleberry, and round-leaved violet","Ashy over loamy-skeletal, amorphic over isotic, frigid Alfic Udivitrands",syrupcreek,2008-11-19,NA,0.035424353557520945,0.13447924634154362,0.173204623708805,0.056596409055426684,4.8,-23.78,6.36,1.9547033567525396,0.15848946135831402,0.23660000000000014,0.7482999999999999,3.162721893491122,1.73,3.39,0.15,0.12,4.27,3.16,-23.65,-24.59,ammonium chloride,19.1,5.4,0.1,0.8,25.4,NA,NA,0.893717581097317,Loam,32.5,43.8,23.8,67.6,0.035110276907951044,NA,NA,NA,0,1.2256928275754515,6.8314953082089955,4.417003417098827,11.248498725307822,NA,NA,1.7961946392869428,NA,62.70479985319947,96,B,M,X,96,RW_3,37.7,100,15.08,B133
B067,66,68,a,Ribdon,AK,"68.87527, -148.85726",68.87527,-148.85726,a,0-10,0,10,5,NA,arctic,gelisol,tussock sedges and forbes,aquic,pergelic,435,-9.57,215,0.348,NA,"cottongrass, sedges, forbes, lichen, woody shrubs, mosses",NA,NA,9-16-19,NA,NA,NA,5.562500000000001,0.07102272727272733,3.91,-27.65,0.88,41.095142045454544,1.2102556818181818,0.8788778877887791,0.16963696369636944,0.19301539616973312,27.27,49.85,1.06,1.14,1.91,0.42,-25.44,-25.41,ammonium chloride,31.9,5.1,0.2,1.5,38.7,0.8507236619760006,0.07477789654990971,7.985536030481254,NA,NA,NA,NA,NA,0.5308907340169724,0,5.051983297700533,0.49072994610878257,0,9.241516342203967,3.0716679317735314,1.382860778710484,4.454528710484015,12.293383223040404,40.54762588443733,1.291857644462609,0,22.488099279428464,50,F,L,Z,50,LL_2,100.4,100,40.16,B067
B003,3,4,a,Potato Creek,IN,"41.56243, -86.36214",41.56243,-86.36214,a,0-11,0,11,5.5,32,midwest,alfisol,deciduous hardwood forest,udic,mesic,245,9.67,991,0.657,165603,mixed deciduous hardwood forest,"Fine-loamy, mixed, active, mesic Typic Hapludalfs",martinsville,6-19-19,x,0.3210869107213465,1.4616580387537021,0.2193571964380376,0.008008596943036676,4.18,-25.19,3,0.9777683390347455,0.12096103163316438,0.5162191835512526,0.48787304122167896,0.9450889404485695,2.34,0.41,0.25,0.02,3.41,2.42,-25.89,-27.6,ammonium chloride,2.5,0.5,0,0.1,3.1,0.09340882655241917,0.016975365152176992,0.4852051579368247,Sandy Loam,53.8,36.3,10,46.3,0.02741554704354737,0.007312304688616239,0.0864831778239774,0.013386728971854259,0,0.9379681783825897,1.4507787283105384,1.2545836377230886,2.7053623660336275,8.844955841928133,11.06697652220086,2.8038898324946833,6.045173879462346,95.92948973051772,3,A,M,W,3,RW_1,58.9,100,23.56,B003
B052,51,53,a,White Mountains,NH,"44.33556, -71.45994",44.33556,-71.45994,a,0-11,0,11,5.5,28,northeast,inceptisol,mixed coniferous and hardwood forest,aquic,frigid,493,4.59,1101,0.954,282829,"red maple, sugar maple, eastern white pine, yellow birch, red spruce, balsam fir, and northern red oak","Coarse-loamy, mixed, superactive, acid, frigid Humic Endoaquepts",Pillsbury,7-23-19,NA,0.3848012846503868,0.6924746429656197,0.5552117700793745,0.018180129704677063,4.01,-26.8,6.7,7.677078177973265,0.4174538531789176,0.6251102987520484,0.38963822009328114,0.6233111514418228,11.82,5.41,0.6,0.24,7.07,5.33,-25.89,-26.88,ammonium chloride,1.2,0.1,0,0.1,1.4,0.2559912547868013,0.028126364784899653,0.803595858333854,Sandy Loam,67.5,26.3,6.3,32.6,0.1165292059094683,0.007841437860675348,0.28159140657235304,0.03590101570234662,0,9.992910907933396,5.461572648665224,6.3897759586094445,11.85134860727467,3.6679502285164,8.599996246042485,1.5178848411861792,1.8783963307471416,130.16554835412015,39,C,L,X,39,IS_2,76.7,100,30.68,B052
B016,15,17,a,Grab Bag,MT,"45.55290, -107.34871",45.5529,-107.34871,a,0-13,0,13,6.5,45,west,entisol,grasses,ustic,frigid,972,7.58,411,0.208,631352,"western wheatgrass, green needlegrass, sideoats gram","Clayey, montmorillonitic (calcareous), nonacid, frigid, shallow Ustic Torriorthents",lismas,6-26-19,x,0.40282574569610197,1.2051238489867777,0.33428574670267974,0.04869466802106599,6.97,-25.98,3.04,1.7408331489149695,0.20973893360421322,0.6946831900859485,0.312912252648411,0.4504387857862178,2.32,0.44,0.2,0.02,6.39,-8.73,-23.94,-26.49,ammonium acetate,25.2,11.1,0.2,1.9,38.4,0.29762686946584554,0.04254816043583717,0.8980724186139407,Clay,12.5,40.65,46.9,87.55,0.027227420045048495,0.004385267628554223,0.3698918697189682,0.05238613638940219,0,0.8259064130900303,2.9546801928295836,3.4791307651417527,6.433810957971336,21.247979448778032,24.976829761257953,1.5640453573634476,2.090821934295432,47.443169013917455,11,E,N,X,11,RW_1,65.1,100,26.04,B016
B027,26,28,a,El Dorado,CA,"38.80521, -120.10219",38.80521,-120.10219,a,0-13,0,13,6.5,40,pacific coast,inceptisol,coniferous forest,xeric,frigid,1997,5.8,911,0.464,187468,"red fir, white fir, Jeffrey pine, lodgepole pine, sugar pine, incense-cedar, chinquapin, huckleberry oak, gooseberry, whitethorn, brackenfern and lupine","Coarse-loamy, mixed, frigid Typic Xerumbrepts",gerle,2007-03-19,x,0.4053407867722484,0.7607999255342613,0.5323685454937204,0.019264310613662478,4.07,-26.58,5.21,4.719193758141257,0.2752013638656889,0.7769082745349584,0.24028223220012843,0.3092800528401587,14.64,1.74,0.92,0.1,4.83,2.05,-25.46,-26.61,ammonium chloride,1.6,0.2,0.1,0.2,2.1,0.1838607327784744,0.029057141992999663,0.8461658000491075,Sandy Loam,75,18.8,6.3,25.1,0.06387285107207002,0.007189256107896182,0.21786955258909038,0.03733699430412121,0,3.8998658838264424,5.889128683379102,5.555859889697542,11.444988573076646,4.616668942936184,13.567154529925734,1.353469561657234,2.612362092582097,82.63839299029921,19,B,O,X,19,IS_1,105.5,100,42.2,B027
B007,6,8,a,Fox Coulee,WI,"44.46521, -92.02736",44.46521,-92.02736,a,0-17,0,17,8.5,40,midwest,entisol,deciduous hardwood forest,aquic,mesic,211,7.24,805,0.574,103588,"red maple, swamp white oak, quaking aspen, and white ash","Mixed, mesic Aquic Udipsamments",algansee,6-21-19,x,0.4116283894626141,1.1711707944588023,0.35219696703964826,0.028805084943935834,5.4,-23.54,6.09,1.3374466104271168,0.15432076274159037,0.10206217942007742,0.9097665654768136,8.913846153846157,1.67,2.1,0.17,0.16,5.89,6.13,-23.65,-26.19,ammonium chloride,13.5,5.9,0,0.2,19.6,0.06399406465479165,0.012262153687011994,0.8873525914445336,Silt Loam,17.5,63.8,18.8,82.6,0.01724109017252809,0.006255662708017115,0.06929148996222034,0.010325184316934544,0,1.0005731455669433,7.9506123392560015,2.9103808093046775,10.860993148560679,5.1808789541207885,6.690729188673097,1.2891049286088592,4.053675342761364,74.81219345626124,5,A,L,W,5,RW_1,54.8,100,21.92,B007
B030,29,31,a,Death Valley,CA,"36.86487, -116.77128",36.86487,-116.77128,a,0-2,0,2,1,14,pacific coast,aridisol,shrubs,aridic,thermic,952,16.12,105,0.03,269786,"creosotebush, white bursage, scattered yucca and Joshua tree and annual grasses and forbs","Loamy-skeletal, mixed, superactive, calcareous, thermic Typic Torriorthents",yermo,2007-04-19,skleon - change to yermo,0.011317684842658505,1.3474332565453901,0.00845321224411607,0.012587925352505254,7.31,-14.74,9.07,0.41859662180447876,0.08100703402820042,0.7636144819977936,0.24751780162471165,0.3241397425794589,1.67,0.4,0.18,0.04,7.52,4.78,-17.31,-24.87,ammonium acetate,29.2,2,0.3,3.2,34.7,0.0382337878303159,0.007249052521270442,0.3340981933639279,Sandy Loam,75,18.8,6.3,25.1,0.03437929473053253,0.006917115755208328,0.004177691423209532,3.932145455931587e-4,1.7433596174423458,0.4214974281852172,0.5618640245525585,1.635887188258475,2.197751212811033,0.9980232055386439,0.48540790353621843,8.212989054314601,8.538907563015233,100.69298370546655,21,D,P,V,21,IS_1,18.1,100,7.24,B030
B047,46,48,a,Stone Mountain,NC,"36.39753, -81.03891",36.39753,-81.03891,a,0-2,0,2,1,17,southeast,ultisol,deciduous hardwood forest,udic,mesic,536,12.36,1215,0.744,169922,"scarlet oak, white oak, yellow-poplar, eastern white pine, shortleaf pine, Virginia pine, and northern red oak. Understory plants include mountain-laurel, rhododendron, blueberry, greenbrier, flowering dogwood, black locust, honeysuckle, sourwood, and flame azalea","Fine-loamy, mixed, semiactive, mesic Typic Hapludults",tate,7-16-19,not listed,0.16892692561449452,0.592292173432458,0.2926009900376408,0.011715492370455487,3.5,-28.37,2.73,6.0905272640701416,0.26304602801631843,0.7210557888422315,0.27704459108178353,0.384220743205768,6.86,4.57,0.36,0.19,3.5,1.08,-27.34,-28.3,ammonium chloride,1,0.5,0,0.2,1.7,0.3469248843495334,0.04090192594385072,0.9136261095561781,Sandy Loam,65,23.8,11.3,35.1,0.10195741824115823,0.004751715795781213,0.34647803073774264,0.048118154173686485,0,2.896460042855974,2.6387241915848922,2.3114405709232,4.950164762508091,5.688801900316925,18.2926746838015,1.6740327039111342,1.8064198998231722,47.55680283943668,34,A,M,W,34,LL_1,62.2,100,24.88,B047
B054,53,55,a,Aroostook,ME,"46.60899, -68.00532",46.60899,-68.00532,a,0-2,0,2,1,30,northeast,spodosol,mixed coniferous and hardwood forest,aquic,frigid,193,3.84,924,0.803,642598,"sugar maple, yellow birch, paper birch, eastern white pine, red pine, white spruce, red spruce and balsam fir","Coarse-loamy, isotic, frigid Oxyaquic Haplorthods",plaisted,7-26-19,NA,0.22048526767549395,0.6639708441026281,0.335372085337204,0.018901120804648782,3.89,-27.4,4.66,4.829591312614036,0.3056703362413946,0.3837209302325581,0.6297309621523026,1.6411170528817585,4.77,6.23,0.34,0.31,4.89,3.05,-27.05,-27.82,ammonium chloride,3.5,0.7,0,0.2,4.4,0.38498882199335294,0.08197697967294496,0.8383233431137528,Loam,45,42.5,12.5,55,0.06881080734314854,0.002859672429735108,0.4452925187136288,0.10661009786577098,0,4.1905451501953825,5.623312492024089,3.071070945786045,8.694383437810135,9.220086957474098,34.87747590318304,1.4247749527672646,0.9355413629266144,86.7681109838512,41,C,L,X,41,IS_2,88.2,100,35.28,B054
B033,32,34,a,Tonto,AZ,"34.31288, -111.03776",34.31288,-111.03776,a,0-2.5,0,2.5,1.25,15,southwest,alfisol,shrubs,ustic,frigid,1741,10.74,579,0.226,27977,"Ponderosa pine, pinyon pine, juniper, shrubs, and grasses","Loamy-skeletal, mixed, superactive, frigid Lithic Haplustalfs",sanchez,2007-06-19,best guess based on mapped soils in immediate area (NOTCOM),0.04736660693408905,1.0940428681236487,0.043428020461935925,0.013764870439362257,5.07,-24.8,2.68,3.9334076973047254,0.1824776766790852,0.48965723993204763,0.5052463275707006,1.0318367346938777,5.2,3.86,0.26,0.12,2.37,-0.76,-24.86,-25.39,ammonium chloride,15.7,2.2,0,0.4,18.3,0.3695813917781,0.025956196355418532,0.7110441777907335,Sandy Loam,55,35,10,45,0.10316042929230951,0.0088815369312151,0.28247115073028056,0.018201885650640574,0,1.622845486620256,0.895440946351607,0.9638469649648405,1.8592879113164476,7.181334162838935,9.974856093028498,2.622673194110993,4.867190931433567,41.2580035304317,24,D,N,X,24,LL_1,78.4,100,31.36,B033
B045,44,46,a,Lewis,TN,"35.55439, -87.63462",35.55439,-87.63462,a,0-2.5,0,2.5,1.25,15,southeast,ultisol,deciduous hardwood forest,udic,thermic,276,14.08,1446,0.79,151630,"mixed hardwood forest consisting chiefly of oaks, hickories, and beech","Fine-silty, mixed, semiactive, thermic Typic Fragiudults",lax,2007-12-19,x,0.23431799359429872,0.8236759524379194,0.28913704242103877,0.01177774841049584,3.92,-28.53,0.59,4.522646535394917,0.26306221458672896,0.2448877805486285,0.7354613466334166,3.0032586558044803,2.17,12.59,0.16,0.49,1.26,-0.55,-27.34,-28.17,ammonium chloride,2.9,0.7,0,0.3,3.9,0.2875239693629993,0.03846967281875225,0.8136081457495756,Silt Loam,20,63.8,16.3,80.1,0.08148862403784285,0.008305095408371807,0.28916917545193144,0.0412875848320995,0,1.7699661729401104,0.4385230092149826,1.3635882892874933,1.8021112985024759,6.393804450311332,15.694988691919265,1.8017906860529678,3.157084122255688,39.13562908549424,32,A,M,V,32,LL_1,52.4,100,20.96,B045
B048,47,49,a,Jefferson,VA,"37.80105, -79.63214",37.80105,-79.63214,a,0-2.5,0,2.5,1.25,20,southeast,inceptisol,deciduous hardwood forest,udic,mesic,520,11.52,1049,0.637,152326,"oaks, hickory, yellow poplar and locust","Loamy-skeletal, mixed, active, mesic Ruptic-Ultic Dystrudepts",litz,7-16-19,x,0.3055774907517778,0.7167867067017007,0.5260354327039658,0.01933457642186472,2.9,-28.86,0.05,12.864002354443931,0.5096672882109323,0.640722926687072,0.384929310596123,0.6007734303912646,11.65,25.07,0.52,0.81,1.85,-0.26,-27.5,-27.24,ammonium chloride,1,0.7,0,0.4,2.1,0.7816094808905996,0.08329416573827648,1.1290152243005833,Sandy Loam,68.8,18.8,12.5,31.3,0.24607621498210683,0.009701327883601504,0.9466875473943014,0.1174085203705251,0,2.1067328288528206,1.2954381192801718,1.4252857869046582,2.72072390618483,7.359199114786104,23.036306839047924,1.9129055499363976,1.9034629272864938,16.376962401013863,35,A,M,W,35,LL_1,59.8,100,23.92,B048
B005,5,6,a,Pecatonica,IL,"42.31607, -89.36171",42.31607,-89.36171,a,0-23,0,23,11.5,50,midwest,mollisol,grasses,aquic,mesic,228,8.38,883,0.598,93530,grasses and trees,"Fine-silty, mixed, superactive, mesic Aquic Cumulic Hapludolls",lawson,6-20-19,x,0.4475515595002374,1.262131446712761,0.35740967263434287,0.029276455985550228,5.4,-24.64,7.64,2.3982141424463324,0.2779046431160986,0.14961101137043686,0.8076999800518654,5.398666666666668,3.07,NA,0.34,NA,8.65,NA,-24.9,NA,ammonium chloride,16.1,7.8,0,0.3,24.2,0.06994408755988595,0.022296923507518808,0.9,Silt Loam,20,56.3,23.8,80.1,0.019573702313822095,0.012499836783618871,0.0753690786835505,0.01776622285547522,0,1.0504052981905325,5.151412956643224,2.5133260870497605,7.664739043692985,3.1427167970358645,6.392920483898908,0.8161782539509029,4.497886988666429,43.79947893723334,4,E,L,W,4,RW_1,58.7,100,23.48,B005
B015,14,16,a,Tensleep,WY,"44.05055, -107.43088",44.05055,-107.43088,a,0-3,0,3,1.5,20,west,entisol,shrubs,ustic,mesic,1409,7.24,304,0.151,100947,"sagebrush, cactus, blue grama, needleandthread","Fine-loamy, mixed (calcareous), mesic Ustic Torriorthents",neville,6-26-19,x,0.10479337817276334,1.327103341179874,0.0789396908343009,0.018360960405893773,6.92,-21.37,4.44,1.4496061233511615,0.15275414406088408,0.3263231336589257,0.6694906807535135,2.051618814905314,2.32,3.7,0.15,0.18,2.92,2.05,-28.07,-27,ammonium acetate,26.4,3.1,0,1.6,31.1,0.2391541925507424,0.024552404709275208,0.5210451914413281,Silt Loam,32.5,55,12.5,67.5,0.034320227086429296,0.002726895543251267,0.2237127234859956,0.02376366840301276,0.39486179461614757,0.6868944517247597,0.6593388022078945,1.6098090319200618,2.2691478341279563,15.432655800930421,15.556807672295387,2.3675553333817807,1.785153234313822,47.38490274425822,10,D,N,W,10,RW_1,71.1,100,28.44,B015
B023,22,24,a,Siuslaw,OR,"44.48822, -123.53664",44.48822,-123.53664,a,0-3,0,3,1.5,15,north west,andisol,coniferous forest,udic,frigid,733,8.72,2757,2.101,62971,"Douglas fir, western hemlock, red alder, red and evergreen huckleberry, vine maple, western swordfern, cascade Oregongrape, Oregon oxalis, and salal","Medial-skeletal, ferrihydritic, frigid Alic Hapludands",caterl,2007-01-19,x,0.2749778243253309,0.788465377371871,0.35811166601194033,0.03882613509055724,4.67,-26.87,1.08,15.000649390707645,0.6232956810543343,0.6511363636363637,0.3462121212121213,0.5317044793484584,16.44,18.87,0.78,0.58,2.21,0.55,-25.17,-25.67,ammonium chloride,20.6,7.2,0.2,1,29,0.3760745387808505,0.04179073611820124,0.9511774864918952,Sandy Loam,62.5,22.5,15,37.5,0.05010444622682104,0.0034427659107205103,0.4606467721815119,0.05331372034263515,0,6.521852560862937,12.425823652873524,17.03823649059408,29.46406014346761,3.0708455359730342,8.553519936549609,0.33401518108848616,0.5523487512213959,43.4771348292627,17,B,M,X,17,IS_1,82.7,100,33.08,B023
B035,34,36,a,El Malpais,NM,"34.95594, -107.82979",34.95594,-107.82979,a,0-3,0,3,1.5,14,southwest,alfisol,shrubs,aridic,mesic,2082,9.98,282,0.111,91685,"pinyon-juniper savanna with an understory of blue grama, bottlebrush squirreltail, and broom snakeweed","Fine-loamy, mixed, superactive, mesic Aridic Haplustalfs",celacy,2007-08-19,x,0.042755698294487485,1.2684190494031267,0.033298945392109085,0.0029453738918221424,6.21,-21.79,0.6,0.16047125982269156,0.020058907477836445,0.9498501498501498,0.05684315684315675,0.05984434160706764,2.32,0.14,0.25,NA,3.82,NA,-21.88,-22.9,ammonium chloride,2.7,0.6,0,0.2,3.5,0.06868922295105996,0.015417380639973471,0.2846853506781443,Sand,95,2.5,2.5,5,0.026351201637362306,0.00705882296496152,0.04462529999777141,0.00887194019103179,0,0.2561230585941824,0.30267240813233137,0.39658419628353164,0.6992566044158631,27.80890487622453,44.22942875046711,16.421134642102494,35.19046574575898,159.60680989055533,25,D,P,W,25,LL_1,7,100,2.8,B035
B038,37,39,a,Rita,TX,"36.41055, -102.59466",36.41055,-102.59466,a,0-3,0,3,1.5,17,central,alfisol,grasses,ustic,mesic,1279,12.64,427,0.152,340769,"mid grasses and short grasses and includes blue grama, sideoats grama and buffalograss with lesser amounts of western wheatgrass, galleta, silver bluestem and prairieclover","Coarse-loamy, carbonatic, mesic Calcidic Paleustalfs",spurlock,2007-09-19,x,0.030180492913755897,1.3417744141240608,0.02238141979296243,0.00657452298692803,7.25,-14.14,3.97,0.3684819173748117,0.05032872614934641,0.8398004987531174,0.1704738154613466,0.20299322959971486,1.44,0.23,0.19,0.02,5.8,3.65,-18.47,-24.4,ammonium acetate,18.4,0.8,0,0.5,19.7,0.05517146684574709,0.006179197977981677,0.3438188388759267,Loamy Sand,85,6.3,8.8,15.1,0.023171427219755573,0.002499857609551728,0.03323485538605969,0.0038176395923589816,0.6200765632964547,0.3673338203680975,0.37392187258122106,0.8492598216553732,1.223181694236594,9.019399275502014,7.585408740587724,6.288348525983735,4.967059174384036,99.68842514311322,27,E,N,W,27,LL_1,22.8,100,9.12,B038
B043,42,44,a,Ouachita,AR,"34.68736, -93.81714",34.68736,-93.81714,a,0-3,0,3,1.5,15,southeast,ultisol,deciduous hardwood forest,udic,thermic,276,15.2,1352,0.703,50246,"Bermuda grass, Bahaiagrass, tall fescue; where wooded: Red Oak, Post Oak, Blackjack Oak, Sweetgum, Walnuts and Shortleaf Pine","Fine-loamy, siliceous, semiactive, thermic Typic Paleudults",avilla,2007-11-19,x,0.2523424546400141,0.7721176103769198,0.3268102629339327,0.01358369966539038,4.35,-27.35,1.72,4.348274071564525,0.2736675989096554,0.3132614339924107,0.6892350709007391,2.200191265540325,NA,13.55,NA,0.4,NA,-0.88,NA,-27.55,ammonium chloride,5.6,1.1,0,0.3,7,0.3170660077322482,0.045810307221179986,0.7802966075525216,Silt Loam,30,57.5,12.5,70,0.07431261227686908,0.006891218472258986,0.3463738208097675,0.05389036729695907,0,1.7399075028818338,1.0287641006972452,1.9279109310455755,2.9566750317428205,7.965777113151033,19.69190635342609,1.7090139916164744,2.518098050231351,40.013749691169046,31,A,M,V,31,LL_1,69.9,100,27.96,B043
B046,45,47,a,Prentice,TN,"35.13363, -85.91830",35.13363,-85.9183,a,0-3,0,3,1.5,22,southeast,alfisol,deciduous hardwood forest,udic,thermic,564,14,1546,0.874,622346,"hardwoods, chiefly oak, hickory, elm, maple, and redcedar","Fine, mixed, semiactive, thermic Typic Hapludalfs",talbott,2007-12-19,ramsey-change to talbott,0.16976527263987665,0.9117023901030404,0.1861377890014337,0.015145704801887263,6.09,-27.62,2.57,3.689058507568488,0.24363496915245295,0.5309072781655036,0.46979062811565303,0.884882629107981,3.47,3.62,0.22,0.17,2.69,0.32,-26.72,-28.31,ammonium chloride,13.8,1.3,0,0.2,15.3,0.2275823193488443,0.05024654461750195,0.7155882554560979,Loam,41.3,45,13.8,58.8,0.04681292836504992,0.009619200274534946,0.22313106072320646,0.049980125063030706,0.05059767003509933,2.1876562755193887,0.8089855316256176,2.051436042750059,2.8604215743756765,6.04845545998877,20.514347852814176,1.2689668182005875,3.948201815198292,59.30120845281212,33,A,M,V,33,LL_1,70.2,100,28.08,B046
B051,50,52,a,Waitsfield,VT,"44.18097, -72.81145",44.18097,-72.81145,a,0-3,0,3,1.5,20,northeast,spodosol,mixed coniferous and hardwood forest,udic,frigid,260,5.93,1072,0.878,696634,"paper birch, eastern white pine, white ash, red pine, balsam fir, white spruce, sugar maple, yellow birch, and red spruce","Coarse-loamy, isotic, frigid Typic Haplorthods",berkshire,7-23-19,NA,0.33450046312746023,1.2839284693726958,0.2587223809952925,0.0067159935975831956,4.69,-27.81,3.21,2.552767947018544,0.17114171891158914,0.5753274017794663,0.43037088873338,0.7480451781059946,4.84,2.36,0.32,0.09,3.45,0.78,-28.21,-28.27,ammonium chloride,4.2,1,0,0.2,5.4,0.09383188905628145,0.017152035152549674,0.6661156566041943,Sandy Loam,60,27.5,12.5,40,0.017285146833279887,0.0019245171528578541,0.10082315197292883,0.019665133373274427,0.03575482958850399,1.6768570843745356,3.09697050032809,1.8910775827132924,4.988048083041382,3.9495619682424836,11.490555019745551,0.677113908981337,1.1245166667117847,65.6877992507305,38,C,M,X,38,IS_2,83.7,100,33.48,B051
B058,57,59,a,Portobello Creek,NB,"45.90001, -6625796",45.90001,-6625796,a,0-3,0,3,1.5,18,northeast,spodosol,deciduous hardwood forest,udic,cryic,12,5.64,1115,0.978,NA,NA,NA,NA,2008-02-19,NA,0.22425782928971352,0.4929480509246784,0.4515813121407247,0.017204933587954104,4.36,-27.78,2.19,3.2855719354890915,0.3255055787481453,0.1659564393939394,0.8497869318181815,5.120542082738943,2.81,8.21,0.32,0.45,2.96,1.29,-27.8,-22.74,ammonium chloride,6.9,0.8,0.2,0.2,8.1,0.3192128314936099,0.057193762351786144,0.8553303550658957,Silt Loam,21.3,61.3,17.5,78.8,0.03369480917003712,0.024587383818277363,0.4296685716216132,0.05843401278259315,0,2.656080788592636,6.138589190973385,2.20997434035378,8.348563531327166,13.07743613769493,17.95176998419604,1.0255386225479584,7.553598286345026,80.84074373484233,43,A,M,Y,43,IS_2,114.7,100,45.88,B058
B064,63,65,a,Brundage,ID,"44.957924, -116.169672",44.957924,-116.169672,a,0-3,0,3,1.5,15,west,entisol,coniferous forest,xeric,frigid,1525.7,4.56,618,0.409,48139,"Douglas-fir, ponderosa pine, white spirea and mallow ninebark","Sandy-skeletal, mixed, frigid Typic Xerorthents",quartzburg variant,2008-10-19,NA,0.17060361966525864,0.5566624248537185,0.3083120375696594,0.051450163286797385,4.37,-24.96,4.79,4.710496731524853,0.34697855388464316,0.5476294995610185,0.4713564530289728,0.8607214428857715,4.27,5.84,0.35,0.28,5.47,3.78,-24.93,-25.18,ammonium chloride,17.2,5.3,0.1,1.6,24.2,0.12021579005801372,0.020334890390558004,0.8024480575284174,Loam,35,48.8,16.3,65.1,0.044230200295769045,NA,0.11304956494307727,NA,0,2.15660228059635,7.475652964754935,6.079828366147615,13.55548133090255,2.399949971018907,NA,0.9389710431122859,NA,45.78290578493254,47,B,O,X,47,IS_2,88.9,100,35.56,B064
B024,23,25,a,Alsea,OR,"44.47251, -123.50966",44.47251,-123.50966,a,0-3.5,0,3.5,1.75,24,north west,ultisol,coniferous forest,udic,mesic,502,9.49,2456,1.846,172500,"Douglas fir, bigleaf maple, red alder, western hazel, vine maple, Pacific dogwood, western brackenfern, salal, western swordfern, cascade Oregongrape, creambush oceanspray, and baldhip rose","Fine, mixed, active, mesic Typic Palehumults",honeygrove,2007-01-19,x,0.3047391437263957,0.6740310084072134,0.4516708668838488,0.029916122492187384,4.43,-26.52,5.05,5.942616026779921,0.2677781918479687,0.6038216560509554,0.40615711252653935,0.6726441631504925,4.46,8.54,0.24,0.26,-0.96,1.98,-26.06,-26.42,ammonium chloride,6.5,2.4,0.1,1.3,10.3,0.174795064819249,0.017695073829168972,0.893793793793794,Clay Loam,26.3,35,38.8,73.8,0.05752168011438052,0.003006359036822562,0.19622322315879723,0.022681064128340863,0,2.967003825648369,4.192417049529167,9.679341932577522,13.87175898210669,3.301967050782569,8.470093838417602,0.9679521586985209,1.122704958187717,49.92757082533694,18,B,M,W,18,IS_1,79.4,100,31.76,B024
B031,30,32,a,Flagstaff,AZ,"35.21865, -111.52502",35.21865,-111.52502,a,0-3.5,0,3.5,1.75,15,southwest,mollisol,shrubs,aridic,cryic,1915,8.75,486,0.195,13909,"ponderosa pine, spruce, fir and quaking aspen, with some Arizona fescue, mountain muhly, pine dropseed and Kentucky bluegrass","Fine-loamy over fragmental, mixed Argic Cryoborolls",sizer,2007-06-19,x,0.07461288525900761,0.8572098334532036,0.08624242247285024,0.04074564821599984,6.26,-18.78,3.6,3.0806071187193593,0.28100132501832,0.3501098462152987,0.6307169962053126,1.801483171705647,2.69,4.26,0.21,0.26,4.29,0.68,-21.92,-20.17,ammonium chloride,21.7,8.8,0,2.7,33.2,0.288298607778869,0.024137190634749173,0.8533210074581847,Clay Loam,37.5,28.8,33.8,62.6,0.05906961985850606,0.007133248401181197,0.2540925582507627,0.019085592025597738,0,0.9502639900344579,6.191176474202761,4.315437989526049,10.506614463728809,8.248132542016316,6.791993605138142,1.9174668363118605,2.5385105926871137,30.846646567170584,22,D,P,Y,22,IS_1,75.8,100,30.32,B031
B009,8,10,a,Blue Mounds,MN,"43.69268, -96.18832",43.69268,-96.18832,a,0-30,0,30,15,48,midwest,mollisol,grasses,udic,mesic,489,6.98,685,0.443,532701,"native grasses are big bluestem, little bluestem, green needlegrass, sideoats grama, and needle and thread","Fine-silty, mixed, superactive, mesic Pachic Haplustolls",graceville,6-22-19,x,0.3139609610055987,0.8421520729435593,0.28484181510844,0.16629075251179007,5.28,-18.83,6.93,4.478556489645274,0.4198646709042444,0.10743998098407426,0.8901830282861898,8.28539823008849,4.03,2.4,0.37,0.16,6.95,4.18,-18.89,-24.07,ammonium chloride,18.7,5.4,0,0.6,24.7,0.08952220481744258,0.02141953582141629,0.6405028821644053,Loam,32.5,50,17.5,67.5,0.02038311009994329,0.008681470536247462,0.09463876203020917,0.018839244747321293,0,1.2192624546618949,2.760464995667099,2.6417353184341055,5.402200314101203,2.11315325036137,4.48698022311523,0.45512678353104224,2.067683026902586,27.224451840250588,6,E,M,W,6,RW_1,61.4,100,24.56,B009
B002,2,3,a,Punderson Park,OH,"41.46000, -81.20551",41.46,-81.20551,a,0-4,0,4,2,20,northeast,alfisol,deciduous hardwood forest,aquic,mesic,353,8.88,1081,0.764,204577,deciduous forest,"Fine, illitic, mesic Aquic Hapludalfs",ellsworth,6-19-19,x,0.5271526095602685,0.884875285290813,0.5972715114530746,0.014198539283880249,3.38,-26.88,1.93,9.543608254661313,0.55780919660613415,0.5040721989874534,0.5103455866167729,1.0124454148471609,6.95,17.61,0.43,0.69,2.84,0.55,-25.99,-26.08,ammonium chloride,2.5,1.1,0.1,0.3,4,0.39420589383012783,0.06177693293219625,0.6785335275771662,Sandy Loam,58.8,32.5,8.8,41.3,0.10677169044170116,0.039240007861158104,0.5228821534200574,0.05943452717638622,0,3.683655020109327,3.65381980126395,2.311234953221943,5.965054754485893,5.478872764550766,10.654992341109176,1.1187769614239087,7.034664917664534,38.59813732725405,2,A,L,W,2,RW_1,80,100,32,B002
B017,16,18,a,Potosi,MT,"45.57203, -111.91427",45.57203,-111.91427,a,0-4,0,4,2,25,west,inceptisol,coniferous forest,udic,cryic,1907,3.44,428,0.276,512783,"Douglas-fir, subalpine fir, lodgepole pine, huckleberry, grouse whortleberry, snowberry, buffaloberry, heartleaf arnica, western meadowrue, grasses, forbs","Sandy-skeletal, mixed Typic Haplocryepts",como,6-27-19,x,0.20581419473130716,0.9620032116259668,0.21302461829300454,0.01342933479734136,4.3,-25.37,4.39,4.8441922203312915,0.31416309378717583,0.5690359884358489,0.39776692254012563,0.6990189208128942,7.5,3.32,0.5,0.16,4.73,1.54,-25.06,-25.97,ammonium chloride,9.8,1.2,0,0.4,11.4,0.12204877864432116,0.014226067267643748,0.6953310537892422,Sandy Loam,62.5,26.3,11.3,37.6,0.03206484725172048,0.0022215196715980067,0.11598332587643459,0.015035050145546154,0,1.9634309615766707,4.140980937481661,2.5977080417567886,6.738688979238449,2.394275879261095,4.785746780215813,0.6619235115638658,0.7071230566321502,40.53164846217421,12,B,M,Y,12,IS_1,71.6,100,28.64,B017
B020,19,21,a,Olympic,WA,"47.35765, -123.88751",47.35765,-123.88751,a,0-4,0,4,2,29,north west,andisol,coniferous forest,udic,mesic,287,9.18,3205,2.825,61240,"western hemlock forest with scattered Sitka spruce and western red cedar. Understory species are salal, oxalis, swordfern brackenfern, salmonberry, red elderberry, vine maple","Medial, ferrihydritic, isomesic Typic Fulvudands",knappton,6-30-19,blethon-change to knappton,0.28084625350300557,0.19910741852825023,1.4313173459323276,0.07219628893280017,3.51,-26.96,2.77,14.957138230612562,0.6111518846916961,0.8321868211440986,0.16763215061549605,0.20143571894713946,18.19,23.97,0.74,0.71,3.52,1.91,-25.41,-25.77,ammonium chloride,0.4,0.9,0.2,0.3,1.8,0.5860609620687331,0.060922560373732865,1.1031649897196116,Sandy Loam,65,17.5,17.5,35,0.3316496239933107,0.01248446143836802,1.093250558858188,0.13563761635689817,0,12.83765339659147,12.45495912189633,11.502572233734563,23.95753135563089,7.309222807212195,22.19376553593096,2.217333415522818,2.0427755769199627,85.82960990703975,15,B,M,W,15,IS_1,96.7,100,38.68,B020
B039,38,40,a,Silverton,TX,"34.48575, -101.36531",34.48575,-101.36531,a,0-4,0,4,2,20,central,mollisol,grasses,ustic,thermic,996,14.3,533,0.187,3098080,"blue grama and buffalograss, with lesser amounts of vine-mesquite, western wheatgrass, galleta or tobosa, silver bluestem, wild alfalfa, and prairie clove","Fine, mixed, superactive, thermic Torrertic Paleustolls",pullman,2007-09-19,x,0.061618506365584885,1.050029649291088,0.059095444384612825,0.01402324337819398,5.68,-15.35,8.72,1.9063636975510045,0.19266441624185685,0.5451184171080244,0.4480863395623064,0.8219981668194317,3.73,3.76,0.36,0.25,9.29,6.11,-16.14,-16.41,ammonium chloride,5.4,1.8,0,0.7,7.9,0.18102773705804828,0.02346219413400043,0.7375516477932125,Sandy Loam,60,30,10,40,0.07915643230885484,0.012702351919275828,0.11256921931657964,0.012146351003311413,0,0.6934189516262791,0.6542611755344421,0.7205438694398953,1.3748050449743374,5.9049183249340516,6.304408068827702,4.152220922510355,6.592993229912379,36.37390664315914,28,E,N,V,28,LL_1,59.1,100,23.64,B039
B040,39,41,a,Arbuckle,OK,"34.29457, -96.96809",34.29457,-96.96809,a,0-4,0,4,2,19,central,mollisol,grasses,ustic,thermic,243,16.78,974,0.429,205269,tall grass,"Fine, smectitic, thermic Udertic Argiustolls",durant,2007-10-19,burleson - change to durant,0.2481507195131035,1.1259000550881686,0.22298193880211784,0.025242168042779057,6.19,-19.24,2.18,4.141978358892827,0.36908718049540046,0.3508126341613002,0.6661555759991822,1.8988927738927737,3.8,3.32,0.37,0.22,2.41,-0.16,-18.98,-20.29,ammonium chloride,20.2,3.2,0,0.4,23.8,0.23728094231038627,0.04954349254974017,0.838673910204951,Loam,43.8,38.8,17.5,56.3,0.04427121498149989,0.004373887182017062,0.24591909188604982,0.05621690939149246,0,1.2887814521730339,1.6611649390749537,1.289607594129555,2.9507725332045087,5.937237488410859,15.231336216022553,1.0688422571414355,1.1850552967313286,31.115117958209996,29,E,N,V,29,LL_1,59.4,100,23.76,B040
B053,52,54,a,Bangor,ME,"44.96711, -68.54115",44.96711,-68.54115,a,0-4,0,4,2,21,northeast,spodosol,mixed coniferous and hardwood forest,aquic,frigid,51,6.08,1067,0.828,1676254,"red maple, elm, gray birch, white ash, balsam fir, red and white spruce, tamarack, and some eastern white pine","Coarse-loamy, isotic, frigid Aquic Haplorthods",peru,7-25-19,NA,0.2682710481222741,0.8274485140521388,0.32580010292358585,0.017238267599904294,4.21,-26.98,3.44,3.5603339365996653,0.19327527084398183,0.21920668058455114,0.7973849027579386,3.6375939849624057,3.61,6.73,0.22,0.21,2.72,0.99,-26.89,-28.09,ammonium chloride,5.1,0.9,0,0.4,6.4,0.23982064815773552,0.024008610706263478,0.6773819762081712,Silt Loam,30,52.5,17.5,70,0.06540122947417919,0.002107974457514672,0.2525530105365476,0.029722644087901748,0,3.302456900825341,3.5205821405712117,2.707199237219785,6.227781377790997,7.09352029988937,15.37839991536985,1.8369408779852072,1.090659166229444,92.75694245634125,40,C,L,X,40,IS_2,72.7,100,29.08,B053
B056,55,57,a,Halifax,NS,"44.69163, -63.69353",44.69163,-63.69353,a,0-4,0,4,2,14,northeast,spodosol,mixed coniferous and hardwood forest,udic,cryic,57,6.56,1448,1.281,NA,NA,NA,NA,7-31-19,NA,0.13078213595960858,0.2846188151172251,0.5753877130289364,0.03844836057566837,2.76,-28.14,0.17,24.48661234237426,0.924219040912345,0.7611543909348442,0.24592776203965996,0.32309839497557563,11.96,34.87,0.48,0.96,1.77,-0.01,-27.07,-26.16,ammonium chloride,4.1,3.1,0.3,0.3,7.8,0.9238690838734006,0.12856344487955168,2.32792454954955,Sandy Loam,71.3,26.3,2.5,28.8,0.18404110034052976,0.013297362205785456,1.2714109028409255,0.1892399092021332,0,2.8408032228208184,1.1471038999010779,0.8279800926075567,1.9750839925086345,5.19226949430134,20.475655750970528,0.7515988645846502,1.4387673935671066,11.601454636110638,42,C,M,Y,42,IS_2,80.5,100,32.2,B056
B065,64,66,a,Payette,ID,"43.83892, -116.24186",43.83892,-116.24186,a,0-4,0,4,2,13,west,vertisol,shrubs,xeric,mesic,1286.4,8.44,516,0.261,2217,"eric big sagebrush, antelope bitterbrush, biscuitroot, Idaho fescue and bluebunch wheatgrass","Fine, smectitic, mesic Chromic Haploxererts",doubledia,2008-10-19,NA,0.07293619120824332,1.388721847545459,0.052079881170054965,0.01696911739271912,5.35,-26.22,4.12,1.1898538673494814,0.13220598526105348,0.6862041467304625,0.3163875598086125,0.4610691458454388,2.43,0.37,0.25,0.04,4.16,-0.8,-26.71,-27.59,ammonium chloride,8.5,2.9,0,0.2,11.6,0.08157102402675284,NA,0.5840481051451387,Sandy Loam,70,12.5,17.5,30,0.026338273446168792,NA,0.05948095981881703,NA,0,0.6414876019058889,2.4161419257413423,1.745076751771529,4.1612186775128714,4.999013866410068,NA,2.213572117460099,NA,53.913141731838614,48,D,O,W,48,LL_2,22.3,100,8.92,B065
B066,65,67,a,Wallowa,OR,"45.69370, -117.27433",45.6937,-117.27433,a,0-4,0,4,2,14,west,andisol,coniferous forest,udic,frigid,1489.8,4.96,496,0.34,217188,"grand fir, western larch, lodgepole pine, twinflower, princes pine, pinegrass, big huckleberry, and round-leaved violet","Ashy over loamy-skeletal, amorphic over isotic, frigid Alfic Udivitrands",syrupcreek,2008-11-19,NA,0.15467502618299872,0.852598924813602,0.18433727590250684,0.04536130155535199,5.36,-25.65,2.35,6.167631679176577,0.3554228425288197,0.334119496855346,0.7017070979335132,2.1001680672268908,3.39,15.09,0.26,0.56,2.89,0.24,-24.86,-25.32,ammonium chloride,29.2,6.3,0,2.6,38.1,0.1718592444354816,NA,1.1552298313167293,Loam,35,40,25,65,0.07767082188359015,NA,0.12586848750979115,NA,0,2.5069370968465696,6.400556554375635,4.699195897017837,11.099752451393474,2.0407912478748327,NA,1.2593297707096502,NA,40.64667326537345,49,B,M,X,49,LL_2,114.6,100,45.84,B066
B071,70,72,a,Oksrukuyik Creek (Oks),AK,"68.65769, -149.27447",68.65769,-149.27447,a,0-4,0,4,2,12,arctic,gelisol,tussock sedges and forbes,aquic,pergelic,846,-9.2,238,0.381,NA,"cottongrass, sedges, forbes, lichen, woody shrubs, mosses",NA,NA,9-17-19,NA,NA,NA,10.801886792452828,0.09433962264150952,3.75,-26.28,0.28,30.915094339622648,0.5362264150943397,0.6702198534310456,0.3057961359093947,0.45626242544731777,NA,40.48,NA,0.41,NA,-2.41,NA,-25.49,ammonium chloride,24.5,9.6,0.4,0.6,35.1,0.22522185367283917,0.012452982404318727,14.579152482790676,NA,NA,NA,NA,NA,0.40836234013167527,0,2.249680480101549,0.14696868856417666,0,10.378038551922687,21.87802721756675,8.318208265012355,30.1962354825791,7.276964628952216,27.407953884241245,1.3209157172400845,0,33.569486924131965,54,F,L,Z,54,LL_2,24.5,100,9.8,B071
B014,13,15,a,Twisted Cedar,WY,"44.13849, -104.59112",44.13849,-104.59112,a,0-4.5,0,4.5,2.25,18,west,aridisol,shrubs,ustic,mesic,1306,6.93,386,0.2,122218,"western wheatgrass, sedge, blue grama, cactus","Fine, montmorillonitic, mesic Ustic Haplocambids",savageton,6-24-19,x,0.1856938661221366,1.1418286485704288,0.16249390863500804,0.01763159344265017,4.18,-24.45,2.95,1.0074552775082235,0.13229210714754452,0.32320717131474097,0.6562749003984065,2.0305084745762723,1.47,0.79,0.16,0.06,0.92,-0.77,-25.13,-26.21,ammonium chloride,6.4,5.5,0.8,0.8,13.5,0.1025890181224301,0.01078198721120751,0.5636303932424751,Clay Loam,33.8,32.5,33.8,66.3,0.016932189582811737,0.0028337721192956246,0.1023269190773597,0.009700222336713664,0,0.5754229769272925,1.8665775470737378,1.3372672333659612,3.2038447804396992,10.156968886048091,7.332427115923907,1.6806889557113394,2.1420568319583397,57.11647849525465,9,D,N,W,9,RW_1,44.4,100,17.76,B014
B013,12,14,a,Spearfish,SD,"44.45069, -103.86455",44.45069,-103.86455,a,0-5,0,5,2.5,36,north central,alfisol,shrubs,udic,frigid,1306,7.38,559,0.296,184486,"ponderosa pine with lesser amounts of aspen, birch, and bur oak. Understory species include Kentucky bluegrass, needlegrass, timber oatgrass, roughleaf ricegrass, and little bluestem. Shrubs include bearberry, oregon-grape, common juniper, buffaloberry, and snowberry","Loamy-skeletal, mixed, superactive, frigid Inceptic Hapludalfs",vanocker,6-24-19,x,0.30683501128985097,0.8060706649048951,0.38543369452246096,0.019626463255525424,6.93,-15.9,0.09,6.237568401578843,0.3058879389766576,0.7590885142255005,0.26132771338250793,0.3442651396841923,14.37,1.78,1.12,0.14,0.5,-1.01,-27.11,-27.51,ammonium acetate,40.2,1.7,0,0.3,42.2,0.13485999024259596,0.03606338910890618,0.537971554161268,Loamy Sand,77.5,16.3,6.3,22.6,0.07483856815501938,0.005109378986334347,0.11200100637004338,0.04485405542381862,9.792411450464268,1.3004733724018913,0.05911422274854189,0.03516021473408761,0.0942744374826295,1.7955876258077408,14.663558025163406,1.199803566660309,1.6703433955021825,20.84904386896531,8,D,M,X,8,RW_1,77.4,100,30.96,B013
B028,27,29,a,Merklee,CA,"38.66673, -119.66681",38.66673,-119.66681,a,0-5,0,5,2.5,46,pacific coast,mollisol,shrubs,xeric,frigid,2202,5.86,561,0.265,20459,"big sagebrush, antelope bitterbrush, and western needlegrass","Loamy-skeletal, mixed, superactive, frigid Typic Argixerolls",heenlake,2007-03-19,x,0.15467502618299867,0.7901420714226352,0.19568931561486075,0.039870420542529504,5.94,-26.76,7.26,7.372681281646535,0.5927261397092418,0.7038611813376237,0.3179728797977478,0.4517551020408165,8.43,10.42,0.65,0.7,7.11,6.45,-25.9,-26.79,ammonium chloride,34.5,10.8,0.1,0.6,46,0.3389179856026288,0.049263605497621925,0.997802328665538,Loam,45,31.3,23.8,55.1,0.0975972834721096,0.022175439134509804,0.30764333078266487,0.036728527607662244,0,2.448208600088238,6.487340633903851,3.2745820417005143,9.761922675604364,4.1727469156778625,6.1965425762527016,1.3237691925604749,3.741262220253662,33.20648901754073,20,D,O,X,20,IS_1,93.7,100,37.48,B028
B072,71,73,a,Kuparuk River,AK,"68.64657, -149.40943",68.64657,-149.40943,a,0-5,0,5,2.5,17,arctic,gelisol,tussock sedges and forbes,aquic,pergelic,735,-9.17,237,0.385,NA,"cottongrass, sedges, forbes, lichen, woody shrubs, mosses",NA,NA,9-17-19,NA,NA,NA,3.3403908794788277,0.03583061889250817,5.18,-28.024,-0.384,15.663013886130292,0.62771335504885994,0.3486786018755326,0.7016197783461213,2.0122249388753075,7.09,28.1,0.45,0.78,2.67,-0.51,-26.94,-27.47,ammonium chloride,26.9,5.4,0.1,0.4,32.8,0.7152122558996656,0.048411972797437156,3.5479434022703185,NA,NA,NA,NA,NA,0.14780750210275365,0.0018207612384645742,2.9564932502956327,0.20830612394910875,12.954395464489782,4.619804560260587,10.082775244299675,3.87814983713355,13.960925081433226,18.875634483818136,33.184911914594295,0.9436721641014327,0.2900625299461487,29.494991154617157,55,F,L,Z,55,LL_2,88.3,100,35.32,B072
B021,20,22,a,Disappointment,WA,"46.30717, -124.06658",46.30717,-124.06658,a,0-5.5,0,5.5,2.75,40,north west,andisol,coniferous forest,udic,mesic,30,10.38,2082,1.826,20567,"western hemlock, Sitka spruce, western red cedar, and red alder. Understory species are salal, oxalis, swordfern, red huckleberry, salmonberry, blackberry, red elderberry, and vine maple","Medial, ferrihydritic, isomesic Typic Fulvudands",Ilwaco,6-30-19,x,0.2636601394826724,0.38270541708693145,0.6854335425367541,0.03930772599323812,3.58,-27.12,1.73,15.267430494840669,0.6755500218956049,0.5220281341783892,0.5096614623589427,0.9763103346165237,12.03,21.42,0.58,0.73,2.22,0.68,-25.77,-26.03,ammonium chloride,1.5,1.4,0.2,0.3,3.4,0.4639846985338658,0.04401816308877059,1.5912987854079053,Sandy Loam,52.5,28.8,18.8,47.6,0.21306174682830453,0.02026165753134732,0.56895362730447685,0.05392803101931989,0,12.356861273818726,8.9951293178438,10.243297123280033,19.238426441123835,3.726584034535108,7.982833139135561,1.3955311399669028,2.999283084099792,80.93608992026842,16,B,M,W,16,IS_1,88.9,100,35.56,B021
B032,31,33,a,Jerome,AZ,"34.55027, -111.87759",34.55027,-111.87759,a,0-5.5,0,5.5,2.75,38,southwest,aridisol,shrubs,ustic,thermic,993,16.91,392,0.121,176,"mesquite, alkali sacaton, threeawn, canotia and rabbitbrush","Coarse-silty, mixed, superactive, thermic Ustic Haplocambids",bewearze,2007-06-19,best guess based on mapped soils in immediate area (NOTCOM),0.045689912883324815,1.135541045880063,0.04032978159360104,0.030281042582366784,6.95,-14.23,5.97,1.7899336643692823,0.17514777723900235,0.5168460925039873,0.47647527910685816,0.921890067502411,3.06,0.95,0.24,0.08,5.87,3.77,-16.76,-26.31,ammonium acetate,44.5,8.9,0,2.8,56.2,0.13648833202248062,0.017055564016407072,0.6303403539321351,Sandy Loam,52.5,32.5,15,47.5,0.129397783425987,0.01604485608405648,0.012595093217035155,0.0016985551040879696,8.093312792117153,0.8058530545831684,2.3570157995450702,3.1628688541282384,5.519884653673309,0.7036625696111078,0.9697839909039572,7.229194355176443,9.160753471716665,45.02139216802352,23,D,N,V,23,IS_1,72.2,100,28.88,B032
B018,17,19,a,Turah,MT,"46.63344, -114.58388",46.63344,-114.58388,a,0-6,0,6,3,35,west,inceptisol,coniferous forest,udic,cryic,1632,3.64,388,0.273,99463,"subalpine fir, western larch, Douglas-fir, Engelmann spruce, and lodgepole pine with an understory of twinflower, blue huckleberry, queencup beadlily, rusty menziesia, grouse whortleberry","Loamy-skeletal, mixed Andic Cryochrepts",petty,6-28-19,x,0.13832725918804759,0.8731384269354636,0.1717648811423951,0.013898252782566062,4.62,-26.27,1.84,4.014491081195804,0.16222372044521055,0.51218294387857,0.4818254443778711,0.940729186976019,3.49,5.28,0.2,0.15,1.89,0.24,-25.69,-26.56,ammonium chloride,4.7,0.5,0,0.7,5.9,0.16321603548158048,0.010647471446296783,0.7975422554275247,Loam,47.5,45,7.5,52.5,0.03944865886317664,1.4780902233163998e-4,0.15180215955343046,0.012328524091405356,0.004549895484882876,3.723527599020862,5.58325668399631,6.433767359619654,12.017024043615963,3.7813550082221843,7.599704936843186,0.9826565326787572,0.09111430925513818,92.75217016827268,13,B,M,Y,13,IS_1,83.9,100,33.56,B018
B019,18,20,a,Clearwater,ID,"46.51269, -114.76499",46.51269,-114.76499,a,0-6,0,6,3,16,west,andisol,coniferous forest,udic,frigid,1131,6.25,236,0.157,NA,NA,"Ashy over loamy-skeletal, amorphic over isotic, frigid Typic Udivitrands",typic vitrandepts,6-28-19,x,0.3147993080309809,0.6107358079908644,0.5392462385863739,0.024550848397471462,4.98,-26.82,1.96,7.591921786625264,0.34834728845514035,0.6982836495031616,0.3089430894308942,0.44243208279430785,11.71,9.38,0.55,0.32,2.17,0.97,-25.81,-26.46,ammonium chloride,20.7,2.3,0,0.4,23.4,0.25509934734284406,0.03576681216002695,0.9902315985049801,Sandy Loam,61.3,33.8,5,38.8,0.057266609150665344,0.002021278633309208,0.3353941017126463,0.05303265245023765,0,2.9361748660813993,2.8034663975579464,2.239455406333271,5.042921803891217,4.417776040626659,15.22407499866821,0.7543097882219004,0.5802481317633409,38.674988344243445,14,B,M,X,14,IS_1,107.3,100,42.92,B019
B050,49,51,a,Finger Lakes,NY,"42.49991, -76.78338",42.49991,-76.78338,a,0-6,0,6,3,20,northeast,inceptisol,deciduous hardwood forest,aquic,mesic,547,7.08,952,0.728,195885,"sugar maple, white ash, northern red oak, white pine, and hemlock","Fine-loamy, mixed, active, mesic Aeric Fragiaquepts",erie,NA,NA,0.5834895296659459,1.1497929453115587,0.5086917199597164,0.020788571359256533,4.65,-26.9,3.46,4.154609485432174,0.3878996571165175,0.2293853073463268,0.7219390304847576,3.147276688453159,4.08,7.49,0.41,0.42,3.89,1.84,-26.75,-27.48,ammonium chloride,10.2,2.6,0,0.4,13.2,0.3230964954320536,0.06526945845868723,0.8248950369022856,Loam,28.8,48.8,22.5,71.3,0.02811703992093172,0.008119788029392852,0.4593359674854099,0.09035170351348325,0,2.61914166486407,4.909895507005821,3.0430604905601544,7.952955997565976,11.056056389801181,23.292545341524587,0.676767335643025,2.093270226055865,63.041825568633904,37,A,L,W,37,IS_2,106.5,100,42.6,B050
B062,61,63,a,Ohio,NY,"43.36009, -74.96689",43.36009,-74.96689,a,0-6,0,6,3,16,northeast,spodosol,mixed coniferous and hardwood forest,udic,frigid,403,5.73,1258,1.058,815798,"maple, beech, spruce, and pine","Sandy, isotic, frigid Typic Haplorthods",adams,2008-11-19,NA,0.29258311185835517,0.7431946380012372,0.3965660789844535,0.011201465328795684,4.06,-25.97,6.89,7.644683077885696,0.48537670335782196,0.6765386395187414,0.3288986580286904,0.4861491108071135,14.14,3.71,0.83,0.19,7.78,6.16,-24.99,-26.36,ammonium chloride,0.1,0.1,0,0,0.2,0.1991805413398457,0.032650721122493,0.6563176250973803,Sandy Loam,71.3,21.3,7.5,28.8,0.06720497956175575,0.009521480181074245,0.21096380806723342,0.03607740939298069,0,7.527436114108352,6.298669512148153,3.8629722252254353,10.16164173737359,2.7596148318758043,7.43286794429939,0.8791074643259477,1.9616681466590633,98.46629399044006,45,C,M,Y,45,IS_2,97.4,100,38.96,B062
B063,62,64,a,Moscow,ID,"46.798639, -116.900646",46.798639,-116.900646,a,0-6,0,6,3,65,west,alfisol,coniferous forest,xeric,frigid,1021.3,7.16,700,0.466,48198,"grand fir, Douglas-fir, western white pine, ponderosa pine, western larch, and lodgepole pine, with an understory of myrtle pachystima, Columbia brome, American trailplant, baldhip rose, starry false-Solomon's-seal, sweetscented bedstraw, pine reedgrass, common snowberry, elk sedge, mallow ninebark, creambush oceanspray, and white spirea","Fine-loamy, isotic, frigid Vitrandic Haploxeralfs",kruse,2008-12-19,NA,0.0938948668427959,0.48330706013278424,0.19643618343116748,0.03106147023839675,5.54,-27.01,-1.5,9.815705196669535,0.4124245880953587,0.35539377895433477,0.669644826825502,1.8842333954065806,5.26,22.71,0.27,0.63,-0.44,-1.92,-26.8,-25.87,ammonium chloride,34.7,2.2,0.1,0.7,37.7,0.48761142402950325,0.06465029091325367,1.4569262365742779,Silt Loam,32.5,56.3,11.3,67.6,0.07839993286029934,NA,0.5049960183029961,NA,0,10.82398064137489,3.09462760813404,3.86158395072289,6.95621155885693,5.144775726091907,NA,0.7987193104261159,NA,110.27206323441195,46,B,O,X,46,IS_2,97.9,100,39.16,B063
B049,48,50,a,Monongahela,WV,"38.96732, -79.23654",38.96732,-79.23654,a,0-7,0,7,3.5,26,southeast,alfisol,deciduous hardwood forest,udic,mesic,510,10.64,973,0.624,49682,mixed oaks,"Clayey, mixed, active, mesic Lithic Hapludalfs",opequon,7-16-19,not listed,0.47031268123936154,1.1875185614537533,0.3979637138362151,0.016024229983687913,4.88,-26.44,4.28,3.373200443545844,0.2946470266952695,0.1909081846276542,0.8015153025620577,4.198433420365538,2.7,8.59,0.26,0.42,4.89,2.66,-26.22,-27.2,ammonium chloride,13.3,0.9,0,0.4,14.6,0.20700489618176005,0.03743518450648345,0.8924607299082192,Loam,27.5,50,22.5,72.5,0.05575325417953572,0.007097422299473621,0.23363207926899768,0.04523560726135392,0,1.658095097542824,2.6478563555323347,1.5755823273223124,4.223438682854647,6.926125001436562,15.352473693256574,1.6528295638704757,2.408788026499902,49.154953145917,36,A,M,W,36,IS_2,61.5,100,24.6,B049
B068,67,69,a,Sagavanirktok (Sag),AK,"68.80778, -148.81831",68.80778,-148.81831,a,0-7,0,7,3.5,13,arctic,gelisol,tussock sedges and forbes,aquic,pergelic,449,-9.32,217,0.343,NA,"cottongrass, sedges, forbes, lichen, woody shrubs, mosses",NA,NA,9-17-19,NA,NA,NA,1.5962219598583234,0.03659976387249118,6.19,-27.9,0.87,26.267438016528924,1.1817237308146398,0.7534462952326249,0.25545663411832276,0.3390508862206975,23,36.52,1.07,1.2,2.39,0.57,-25.86,-26.08,ammonium chloride,34.2,2.7,0.1,0.5,37.5,1.0644507313551694,0.15203654325548951,3.4355875884490286,NA,NA,NA,NA,NA,0.32780434197475017,0.007669782988310055,2.4357460219567937,0.3870508293125417,0,9.199717644441076,3.9261952876161574,1.7791032909192575,5.705298578535415,9.27287244543639,32.75307241614943,1.24794942608593,0.649033508282242,35.02327725548302,51,F,L,Z,51,LL_2,91.2,100,36.48,B068
B070,69,71,a,Slope Mountain,AK,"68.68810, -149.08035",68.6881,-149.08035,a,0-7,0,7,3.5,15,arctic,gelisol,tussock sedges and forbes,aquic,pergelic,771,-8.77,240,0.371,NA,"cottongrass, sedges, forbes, lichen, woody shrubs, mosses",NA,NA,9-17-19,NA,NA,NA,1.1016548463356974,0.02600472813238782,6.69,-27.38,-0.47,11.196738138020805,0.6566430260047282,0.6238142785821273,0.3826759860209684,0.6134453781512598,10.43,16.56,0.59,0.75,0.39,-0.38,-25.73,-25.98,ammonium acetate,50.1,3.5,0.1,0.5,54.2,0.9595787932835851,0.10254090636873933,3.0711208196147908,NA,NA,NA,NA,NA,0.16151487444534937,0,1.8551885469000577,0.215505592817516,0.2312746602218882,5.06658730535272,4.107762696252719,1.8092874782127795,5.917050174465499,16.56900897414388,32.81929210894631,1.4425172086225069,0,45.25056532445008,53,F,L,Z,53,LL_2,100.8,100,40.32,B070
B069,68,70,a,Flat,AK,"68.72625, -148.96219",68.72625,-148.96219,a,0-7.5,0,7.5,3.75,7.5,arctic,gelisol,tussock sedges and forbes,aquic,pergelic,609,-8.37,231,0.333,NA,"cottongrass, sedges, forbes, lichen, woody shrubs, mosses",NA,NA,9-17-19,NA,NA,NA,3.0807174887892375,0.0553064275037368,6.81,-26.51,2.1,28.060597907324357,2.237249626307922,0.725062344139651,0.36221945137157074,0.49957007738606996,15.51,25.31,1.63,2.19,3.26,2.16,-25.43,-25.37,ammonium acetate,77.1,4.3,0.2,0.3,81.8,0.29716935583901427,0.041819793323035946,2.0193444555668956,NA,NA,NA,NA,NA,0.20145584613929404,0,1.0112083413652035,0.17065476199086416,0,7.7465333426868765,3.3674138109876557,1.6255020784654428,4.992915889453099,3.6036592830449226,7.6278820201432564,0.7179314097462983,0,27.606444339751157,52,F,L,Z,52,LL_2,79.1,100,31.64,B069
B001,1,2,a,Whitlam Woods,OH,"41.63110, -81.19026",41.631100000000004,-81.19026,a,0-8,0,8,4,22,northeast,alfisol,deciduous hardwood forest,aquic,mesic,332,8.77,1092,0.783,204577,deciduous forest,"Fine, illitic, mesic Aquic Hapludalfs",ellsworth,6-18-19,x,0.5044753225236824,1.0667965897987302,0.4713749009015828,0.0168777632888635,3.84,-26.33,3.56,3.762447724168795,0.2948945513537704,0.2890644285361639,0.7308072080967664,2.528181041844578,4.4,5.88,0.35,0.28,4.42,2.19,-26.42,-27.09,ammonium chloride,2.1,0.4,0,0.2,2.7,0.2445098892127818,0.03415071367624442,0.6542640649376603,Loam,40,45,15,60,0.06887620978174139,0.0012888390799539622,0.29088950422817245,0.04895966387114851,0,3.5948412403941012,4.047185454124401,3.1584386729626663,7.205624127087067,7.731389923628404,16.602430816842737,1.8306223722206694,0.4370508285206686,95.54528073046592,1,A,L,W,1,RW_1,92.2,100,36.88,B001
B011,10,12,a,Cottonwood,SD,"43.98026, -101.89979",43.98026,-101.89979,a,0-8,0,8,4,30,north central,inceptisol,grasses,ustic,mesic,1087,8.44,433,0.216,1342445,"Native grasses are mainly western wheatgrass, green needlegrass, sideoats grama, blue grama, buffalograss, and forbs","Fine, smectitic, mesic Torrertic Haplustepts",pierre,6-23-19,x,0.38396293762500466,1.4201598609972879,0.27115225677147625,0.033824606687227934,6.73,-25.64,1.1,3.6798017144449333,0.372176858407402,0.25296876559225623,0.7280710507933339,2.8781065088757396,2.24,7.43,0.28,0.61,3.16,-0.51,-23.62,-26.43,ammonium acetate,34.2,2,0,2,38.2,0.28486264911050546,0.06692036414917645,1.0934699440447648,Clay Loam,25,37.5,37.5,75,0.03021665581395713,0.015211365816210893,0.3318871434727631,0.06985460609598375,0.005115595493830392,1.0895446666349067,0.6982614203852224,1.545454896913125,2.2437163172983476,9.019158346765037,18.76919655749194,0.8211490226590934,4.087133703396418,29.608787407156672,7,E,N,W,7,RW_1,98.5,100,39.4,B011
B036,35,37,a,Vegas,NM,"35.53826, -105.16809",35.53826,-105.16809,a,0-8,0,8,4,16,southwest,entisol,grasses,ustic,mesic,1989,9.43,429,0.176,72724,"blue grama, bottlebrush squirreltail, sand dropseed, ring muhly, snakeweed","Fine-silty, carbonatic, mesic Ustic Torriorthents",karde,2007-08-19,x,0.19072394827442915,1.200093766834485,0.1592102876309482,0.021657066919368414,7.25,-14.02,8.93,1.9090156188934315,0.18389827204548628,0.5080282594733461,0.502461999571826,0.9890434049726085,2.45,1.15,0.28,0.09,8.56,8.02,-20.06,-23.66,ammonium acetate,48.3,2.2,0.1,1.3,51.9,0.19712686272133412,0.038104108704417675,0.6024914098015561,Sandy Clay Loam,54.4,16.3,29.4,45.7,0.03772252669249307,0.004887110228456914,0.19078896054249112,0.03928356458271202,6.567843239590752,1.0068386751281677,1.01089850849562,1.5804931299491758,2.591391638444796,9.994101601593112,21.361573518752493,1.9760198040893493,2.6575074219556085,52.74124869191933,26,E,N,W,26,LL_1,74.9,100,29.96,B036
B042,41,43,a,Gambil,TX,"33.69976, -95.65833",33.69976,-95.65833,a,0-9,0,9,4.5,29,central,mollisol,grasses,udic,thermic,166,16.94,1149,0.54,9845,native tall prairie grasses,"Fine, smectitic, thermic Vertic Argiudolls",parisian,2007-10-19,x,0.450192352630191,1.3727932540631989,0.3345567357196578,0.009337541394616358,4.2,-16.36,8.17,1.0698977938782934,0.13121388038130014,0.31527093596059114,0.6901248711192576,2.188989825581395,2.08,0.45,0.21,0.04,5.07,-0.72,-17.53,-19.81,ammonium chloride,2.1,0.2,0,0,2.3,0.06523830483082566,0.026904938317679088,0.4935537522513513,Loam,45,47.5,7.5,55,0.021476344441093156,0.024246444413699317,0.0655878746978175,0.011659722242281225,0,0.6711707436383638,1.6898411326516203,0.770059214150762,2.459900346802382,6.130293479722651,8.886043312185212,2.007326733822222,18.478566705931197,62.73222988949476,30,E,M,V,30,LL_1,78.5,100,31.4,B042
B103,101,34,c,Tonto,AZ,"34.31288, -111.03776",34.31288,-111.03776,c,10-15+,10,15,12.5,15,southwest,alfisol,shrubs,ustic,frigid,1741,10.74,579,0.226,27977,"Ponderosa pine, pinyon pine, juniper, shrubs, and grasses","Loamy-skeletal, mixed, superactive, frigid Lithic Haplustalfs",sanchez,2007-06-19,best guess based on mapped soils in immediate area (NOTCOM),0.051139168548308495,0.9209242073822437,0.05532125426802325,0.009893699568374416,5.25,-22.12,7.17,0.4039574798273498,0.030296810987051233,0.2898724082934609,0.6696570972886763,2.3101788170563964,0.41,0.38,0.06,NA,3.79,NA,-22.01,-24.73,ammonium chloride,8.6,1.8,0,0.3,10.7,0.11806297609767812,0.012653966114934528,0.5604827572731352,Loam,40,36.3,23.8,60.1,0.024641488843642277,0.001535697579702046,0.09995287917437505,0.011818301812175724,0,0.493925374485745,1.2184853246611147,1.3389051473663167,2.5573904720274316,24.743415870673964,39.00840196424247,6.1000204413033705,5.068842329175828,122.27162489894906,74,D,N,X,74,LL_3,37.2,100,14.88,B103
B090,88,20,c,Clearwater,ID,"46.51269, -114.76499",46.51269,-114.76499,c,10-16+,10,16,13,16,west,andisol,coniferous forest,udic,frigid,1131,6.25,236,0.157,NA,NA,"Ashy over loamy-skeletal, amorphic over isotic, frigid Typic Udivitrands",typic vitrandepts,6-28-19,x,0.04315810486667086,0.12275915492670178,0.24632168233689825,0.02092648900017966,4.6,-25.44,4.83,1.8887140046503326,0.11230191379001976,0.6613851519681117,0.2931738913801694,0.4432725629049269,7.13,1.07,0.44,0.04,6.05,1.31,-25.1,-26.33,ammonium chloride,7.3,1.2,0,0.2,8.7,0.11933022664535196,0.010039501365982039,0.4360540453750642,Loamy Sand,75,20,5,25,0.03850416282458669,2.847871760505045e-4,0.11021968600169174,0.01222766105622382,0,2.776793472600256,3.3543032261609937,2.3772833006164587,5.731586526777453,5.835700149959829,10.888203632118769,2.038644428419705,0.25359067039854266,147.0203252458192,66,B,M,X,66,IS_3,63.5,100,25.4,B090
B134,132,68,c,Ribdon,AK,"68.87527, -148.85728",68.87527,-148.85728,c,10-16+,10,16,13,16,arctic,gelisol,tussock sedges and forbes,aquic,pergelic,435,-9.57,215,0.348,NA,"cottongrass, sedges, forbes, lichen, woody shrubs, mosses",NA,NA,9-16-19,NA,NA,NA,0.9403906923297904,-0.050560183855213936,3.98,-26.81,4.01,7.870856075840276,0.3702815282964666,0.3364686912120399,0.6920182746573502,2.056709265175718,6.18,15.63,0.3,0.57,3.15,3.59,-26.58,-25.65,ammonium chloride,1.4,0.3,0,0.1,1.8,NA,NA,0.9153028780361443,Clay Loam,35,37.5,27.5,65,NA,NA,NA,NA,0,5.876655008798311,10.417706606506094,2.1989064855055593,12.616613092011654,NA,NA,NA,NA,74.66347945094309,97,F,L,Z,97,RW_3,68.7,100,27.48,B134
B085,83,15,c,Twisted Cedar,WY,"44.13849, -104.59112",44.13849,-104.59112,c,10-18+,10,18,14,18,west,aridisol,shrubs,ustic,mesic,1306,6.93,386,0.2,122218,"western wheatgrass, sedge, blue grama, cactus","Fine, montmorillonitic, mesic Ustic Haplocambids",savageton,6-24-19,x,0.14461486187841344,0.844634628072472,0.16963774993292421,0.034714902984464086,3.82,-23.68,3.72,0.8174247733577266,0.09312434126860175,0.23712574850299398,0.7512974051896208,3.168350168350169,0.82,0.67,0.11,0.04,3.04,6.24,-24.07,-25.91,ammonium chloride,4.2,6.6,4.3,0.3,15.4,0.08465840042082734,0.0054780002765149214,0.6506160229615425,Clay Loam,27.5,35,37.5,72.5,0.08010076208831274,0.005379485142880226,0.01891889889282428,0.0010277907746746235,0,NA,0.7480388585060096,1.632609761216866,2.3806486197228756,2.3144513733185907,1.1036757529485564,9.799160081640753,5.776669203343936,NA,62,D,N,W,62,IS_3,2.1,100,0.84,B085
B109,107,41,c,Arbuckle,OK,"34.29457, -96.96809",34.29457,-96.96809,b2,10-19+,10,19,14.5,19,central,mollisol,grasses,ustic,thermic,243,16.78,974,0.429,205269,tall grass,"Fine, smectitic, thermic Udertic Argiustolls",durant,2007-10-19,burleson - change to durant,0.30683501128985097,1.3040487979818662,0.23559515667195352,0.03763857713007154,4.88,-13.2,8.49,1.01688580558747,0.11414024348430787,0.21564948681161028,0.7967111797814809,3.694472876151482,1.51,0.35,0.16,0.02,7.7,9.23,-14.64,-18.03,ammonium chloride,14.7,6.1,0.3,0.2,21.3,0.11209137519434906,0.008852161194578581,0.8064796007000172,Clay,30,27.5,42.5,70,0.032643938211401186,0.002240505846642199,0.10585562208343527,0.008697181651458512,0,0.5877691286575569,1.2302048965538934,2.1455628332814314,3.375767729835325,10.409784609224719,7.619732870689215,3.210187223779989,1.962941183799232,57.80089813703259,79,E,N,V,79,LL_3,6.7,100,2.68,B109
B100,98,31,c,Death Valley,CA,"36.86487, -116.77128",36.86487,-116.77128,c,11-14+,11,14,12.5,14,pacific coast,aridisol,shrubs,aridic,thermic,952,16.12,105,0.03,269786,"creosotebush, white bursage, scattered yucca and Joshua tree and annual grasses and forbs","Loamy-skeletal, mixed, superactive, calcareous, thermic Typic Torriorthents",yermo,2007-04-19,skleon - change to yermo,0.008488263631993833,0.16620020191443907,0.04685547688463146,0.01762700590338433,7.52,-9.39,7.96,0.06641921089159394,0.020352540118067686,0.8077537969624301,0.19844124700239815,0.24567046016823363,0.57,0.1,0.08,0.01,7.64,9.71,-22.94,-29.83,ammonium acetate,38.5,2,4.4,2.8,47.7,0.02341128061074951,0.004644348694620977,0.28459700553552125,Loamy Sand,82.5,10,7.5,17.5,0.014386327075477011,0.004023100300969241,0.010121900252769093,8.388615665567172e-4,3.9409366016389042,0.31851888627794533,0.7338185110788048,1.7396031481333933,2.473421659212198,15.239416603864122,4.121655388911527,21.6598885809674,19.767067292980247,479.5583717455115,71,D,P,V,71,LL_3,2.8,100,1.12,B100
B108,106,40,c,Silverton,TX,"34.48575, -101.36531",34.48575,-101.36531,c,11-20+,11,20,15.5,20,central,mollisol,grasses,ustic,thermic,996,14.3,533,0.187,3098080,"blue grama and buffalograss, with lesser amounts of vine-mesquite, western wheatgrass, galleta or tobosa, silver bluestem, wild alfalfa, and prairie clove","Fine, mixed, superactive, thermic Torrertic Paleustolls",pullman,2007-09-19,x,0.13916560621342972,1.271353263991964,0.10902168183761757,0.030937279088618687,6.29,-12.87,8.47,0.9841664894015106,0.11340310069974806,0.33459962011396593,0.6365090472858144,1.9023005676725422,1.37,0.41,0.16,0.03,9.02,12.33,-13.58,-17.08,ammonium chloride,12.5,3.7,0,1.1,17.3,0.09459108878960003,0.007243452446087334,0.6816311142414307,Loam,42.5,32.5,25,57.5,0.0194741864366764,0.0019373632350312513,0.08542938193961722,0.006095782579039329,0.04610977678220485,0.44037619014061485,1.212280870594636,1.3157277303540822,2.528008600948718,8.680379067932739,5.375322668803245,1.97874918993828,1.7083864753933977,44.74610697306058,78,E,N,V,78,LL_3,50.5,100,20.2,B108
B117,115,49,c,Jefferson,VA,"37.80105, -79.63214",37.80105,-79.63214,c,11-20+,11,20,15.5,20,southeast,inceptisol,deciduous hardwood forest,udic,mesic,520,11.52,1049,0.637,152326,"oaks, hickory, yellow poplar and locust","Loamy-skeletal, mixed, active, mesic Ruptic-Ultic Dystrudepts",litz,7-16-19,x,0.18108295748253497,1.0290709736565353,0.17602442049069308,0.00814192447999753,3.94,-26.75,7.34,1.1089561169279976,0.07056993471359985,0.40900488096423937,0.6007570475146927,1.4688261081344378,1.27,0.96,0.09,0.02,5.47,9.75,-26.87,-27.9,ammonium chloride,0.1,0.1,0,0.1,0.3,0.1522573308833317,0.013575991127276161,0.5711573056166297,Loam,47.5,30,22.5,52.5,0.07738411764012498,0.0022766917983378567,0.1016742216774049,0.01368900529970388,0,1.2747515467595958,0.834223839975449,1.426711258583682,2.260935098559131,9.168462135279103,19.3977865436027,6.978104584921947,3.2261497868427322,114.95058526669933,84,A,M,W,84,RW_2,42.2,100,16.88,B117
B116,114,48,c,Stone Mountain,NC,"36.39753, -81.03891",36.39753,-81.03891,c,12-17+,12,17,14.5,17,southeast,ultisol,deciduous hardwood forest,udic,mesic,536,12.36,1215,0.744,169922,"scarlet oak, white oak, yellow-poplar, eastern white pine, shortleaf pine, Virginia pine, and northern red oak. Understory plants include mountain-laurel, rhododendron, blueberry, greenbrier, flowering dogwood, black locust, honeysuckle, sourwood, and flame azalea","Fine-loamy, mixed, semiactive, mesic Typic Hapludults",tate,7-16-19,not listed,0.15760924077183605,0.8861328058288862,0.17950153995604892,0.007175158969549505,4.33,-25.77,8.26,0.5136593310744703,0.04028700635878198,0.6999800915787379,0.31594664543101747,0.45136518771331074,1.35,0.13,0.11,0.01,7.5,15.23,-25.73,-26.98,ammonium chloride,0.1,0,0,0.1,0.2,0.06142866370531582,0.009656899060755616,0.5069996844797982,Sandy Loam,67.5,22.5,10,32.5,0.04059656053161628,0.005479248992953576,0.03185864290624598,0.005911078320407795,0,1.0089213690313346,1.3686406417590449,2.0391853054844855,3.40782594724353,6.202290307781271,14.672418863208154,7.903401744244883,13.600536471132411,196.41838627186573,83,A,M,W,83,RW_2,4.8,100,1.92,B116
B119,117,51,c,Finger Lakes,NY,"42.49991, -76.78340",42.49991,-76.7834,c,12-20+,12,20,16,20,northeast,inceptisol,deciduous hardwood forest,aquic,mesic,547,7.08,952,0.728,195885,"sugar maple, white ash, northern red oak, white pine, and hemlock","Fine-loamy, mixed, active, mesic Aeric Fragiaquepts",erie,NA,NA,0.030520023459035598,0.11308253438622887,0.19567846488752735,0.008957362952346313,5.12,-25.72,5.08,0.5751056968828373,0.1109853099247581,0.2561596009975062,0.7500249376558604,2.927959501557633,0.63,0.37,0.13,0.05,3.88,1.38,-25.95,-26.4,ammonium chloride,5.8,1.9,0,0.1,7.8,0.0547654341294506,0.007017587087874154,0.5384317682317683,Loam,37.5,40,22.5,62.5,0.013169359648853511,0.0014317364263058483,0.052312490559946974,0.006959041330138053,0,0.6248921532059574,2.6902824517892845,1.8825890550643112,4.572871506853596,9.096152384420611,6.270236425753912,2.2899024857923505,1.290023361899414,108.6569228218344,86,A,L,W,86,RW_2,3.8,100,1.52,B119
B127,125,59,c,Portobello Creek,NB,"45.90001, -6625798",45.90001,-6625798,c,14-18,14,18,16,18,northeast,spodosol,deciduous hardwood forest,udic,cryic,12,5.64,1115,0.978,NA,NA,NA,NA,2008-02-19,NA,0.35545913876201307,1.2051238489867777,0.2948363271025873,0.011437631737428473,4,-23.41,5.24,0.19217315003011143,0.060686257904245706,0.19631106679960134,0.7866400797607178,4.007110208227524,0.23,0.18,0.06,0.05,-0.5,2.43,-15.34,-26.35,ammonium chloride,1.4,0.2,0.5,0,2.1,0.019799276138890032,0.0022929979310994087,0.47801071571371445,Silt Loam,45,33.125,43.125,71.25,0.01530693483159309,0.0010001741664351247,0.010329887163377176,0.001968882852723465,0,0.6232170650815395,5.5236085736367,2.1455339087679755,7.669142482404675,5.375301992894739,3.2443635852948494,7.9651787095099715,1.6481065087474291,324.2997603899859,92,A,M,Y,92,RW_2,0.6,100,0.24,B127
B120,118,52,c,Waitsfield,VT,"44.18097, -72.81147",44.18097,-72.81147,c,15-20+,15,20,17.5,20,northeast,spodosol,mixed coniferous and hardwood forest,udic,frigid,260,5.93,1072,0.878,696634,"paper birch, eastern white pine, white ash, red pine, balsam fir, white spruce, sugar maple, yellow birch, and red spruce","Coarse-loamy, isotic, frigid Typic Haplorthods",berkshire,7-23-19,NA,0.44558144399058935,1.1175165848343476,0.404313429869646,0.008401573169981049,4.19,-26.56,6.33,1.552938422681771,0.10084015731699812,0.4516547696301102,0.5448842742807699,1.2064176245210727,1.93,0.76,0.13,0.03,4.97,7.64,-26.47,-27.19,ammonium chloride,1.3,0.5,0,0.2,2,0.038816654324484647,0.0040663964130762745,0.6060140466386356,Loam,48.8,32.5,18.8,51.3,0.03025528624694367,0.0028906332807838576,0.02425546272353779,0.0028198618132729116,0,2.8625593044825273,4.456484371751207,2.1835146967430643,6.639999068494272,1.5619075662801236,2.796367923552993,1.948260523729961,2.8665497532862316,184.33179723502303,87,C,M,X,87,RW_2,11.5,100,4.6,B120
B073,72,2,c,Whitlam Woods,OH,"41.63110, -81.19026",41.631100000000004,-81.19026,c,15-22+,15,22,18.5,22,northeast,alfisol,deciduous hardwood forest,aquic,mesic,332,8.77,1092,0.783,204577,deciduous forest,"Fine, illitic, mesic Aquic Hapludalfs",ellsworth,6-18-19,x,0.4099516954118498,1.5886676130990913,0.2584296342280153,0.01683930791230241,3.91,-27.95,1.01,12.94436438972361,0.5795984055100123,0.21696063776781258,0.7782760338814149,3.5871761896013235,0.43,0.28,0.09,0.02,2.82,4.7,-25.24,-27.09,ammonium chloride,2.2,0.6,0,0.1,2.9,0.05418455076016986,0.001952128082310014,0.5128197922109107,Clay Loam,22.5,43.8,33.8,77.6,0.04326367602894626,4.362609683697746e-4,0.02492376836498362,0.0020203548602178534,0,0.6097377421021202,3.4409533245962987,2.8047936136697533,6.245746938266052,0.19254532408536282,0.34857840204720036,0.3342278904269168,0.07526952528205988,4.710449456955835,56,A,L,W,56,LL_2,1.9,100,0.76,B073
B122,120,54,c,Bangor,ME,"44.96711, -68.54117",44.96711,-68.54117,c,16-18,16,18,17,21,northeast,spodosol,mixed coniferous and hardwood forest,aquic,frigid,51,6.08,1067,0.828,1676254,"red maple, elm, gray birch, white ash, balsam fir, red and white spruce, tamarack, and some eastern white pine","Coarse-loamy, isotic, frigid Aquic Haplorthods",peru,7-25-19,NA,0.17814874289369756,1.0232025444788606,0.17329435333288853,0.009818111306861534,4.14,-24.61,4.8,0.2524545278267154,0.040392724452274466,0.1880059970014991,0.7846076961519239,4.173312068048913,0.22,0.25,0.06,0.02,1.58,13.9,-24.21,-26.34,ammonium chloride,1.4,1,0.1,0.1,2.6,0.04845986796081174,0.0018519668605338742,0.4459201671880282,Silt Loam,27.5,52.5,20,72.5,0.033610155046867034,7.043647298314937e-4,0.02324753439481074,0.0014685375301925379,0,0.8504568115689429,2.6229041852126276,1.935782770631926,4.5586869558445535,9.208602671910812,3.635648622631708,13.313350065932276,1.743791089565467,336.8752459661551,89,C,L,X,89,RW_2,23.5,100,9.4,B122
B088,86,18,c,Potosi,MT,"45.57203, -111.91427",45.57203,-111.91427,c,17-25+,17,25,21,25,west,inceptisol,coniferous forest,udic,cryic,1907,3.44,428,0.276,512783,"Douglas-fir, subalpine fir, lodgepole pine, huckleberry, grouse whortleberry, snowberry, buffaloberry, heartleaf arnica, western meadowrue, grasses, forbs","Sandy-skeletal, mixed Typic Haplocryepts",como,6-27-19,x,0.025766595825119077,0.1351708826374839,0.1270146293082075,0.015840477077898034,4.09,-23.96,5.61,0.954890048453224,0.08126723816623184,0.6939224310275889,0.3179728108756498,0.4582252953039472,1.65,0.56,0.2,0.01,4.05,9.06,-25.3,-26.02,ammonium chloride,3.6,0.5,0,0.5,4.6,0.04485398638383036,0.0020418887577486754,0.4449720576461162,Sandy Loam,73.8,21.3,5,26.3,0.024454146205011962,7.458731617502116e-5,0.026096952632356,0.0022266511852276987,0,1.026424228854019,3.183113270025888,1.741127013886808,4.924240283912695,2.732979851934689,2.739912461000695,2.5609384289451906,0.09178030145733891,107.49135259254922,65,B,M,Y,65,IS_3,11.5,100,4.6,B088
B118,116,50,c,Monongahela,WV,"38.96732, -79.23654",38.96732,-79.23654,c,18-26+,18,26,22,26,southeast,alfisol,deciduous hardwood forest,udic,mesic,510,10.64,973,0.624,49682,mixed oaks,"Clayey, mixed, active, mesic Lithic Hapludalfs",opequon,7-16-19,not listed,0.35252492417317555,1.4495020068856617,0.24330909203255377,0.018657746716038925,3.94,-25.33,8.68,0.5806349156281422,0.08149261973728311,0.05004985044865402,0.9365902293120637,18.713147410358573,0.39,1.32,0.08,0.09,5.57,7.36,-25.07,-27.02,ammonium chloride,9.5,0.9,0,0.3,10.7,0.06543918470478519,0.0062922373600459,0.8244809105111942,Clay,6.3,30,63.8,93.8,0.04717444211703007,0.005067340082185538,0.034186691201626984,0.0027558558367864437,0,0.5544541569332433,1.966491057327467,2.4444548232677294,4.410945880595197,5.88781182141676,3.3817244379562283,8.124630615090696,6.2181582804942215,95.49101199562276,85,A,M,W,85,RW_2,1.6,100,0.64,B118
B084,82,14,c,Spearfish,SD,"44.45069, -103.86455",44.45069,-103.86455,c,18-36+,18,36,27,36,north central,alfisol,shrubs,udic,frigid,1306,7.38,559,0.296,184486,"ponderosa pine with lesser amounts of aspen, birch, and bur oak. Understory species include Kentucky bluegrass, needlegrass, timber oatgrass, roughleaf ricegrass, and little bluestem. Shrubs include bearberry, oregon-grape, common juniper, buffaloberry, and snowberry","Loamy-skeletal, mixed, superactive, frigid Inceptic Hapludalfs",vanocker,6-24-19,x,0.29614608671622916,1.0135615536869662,0.2919778418613824,0.09304754510499849,7.12,-9.5,3.38,4.570222181849786,0.16395713176574978,0.6890529887236801,0.307653926753817,0.4464880521361333,5.03,0.76,0.39,0.06,3.55,2.78,-24.28,-22.07,ammonium acetate,43.7,2.3,0,0.2,46.2,0.0429459239158098,0.012780318624922963,0.5151140993417567,Sandy Loam,65,25,10,35,0.023699821114784688,0.009240803223825988,0.031785360982706394,0.007271085251502813,22.851698268754735,0.6084558899192835,0.09889581267938069,0.01605888938036966,0.11495470205975036,0.6954883092760569,4.434747774126239,0.5185704364419378,5.636109344135506,13.313485990587276,61,D,M,X,61,IS_3,56,100,22.4,B084
B102,100,33,c,Jerome,AZ,"34.55027, -111.87759",34.55027,-111.87759,c,19-38+,19,38,28.5,38,southwest,aridisol,shrubs,ustic,thermic,993,16.91,392,0.121,176,"mesquite, alkali sacaton, threeawn, canotia and rabbitbrush","Coarse-silty, mixed, superactive, thermic Ustic Haplocambids",bewearze,2007-06-19,best guess based on mapped soils in immediate area (NOTCOM),0.026772612255577578,0.20444768907993421,0.08764923836969953,0.03987357160223717,7.52,-5.81,5.78,0.9408066018986144,0.05199367858011186,0.5048427358961558,0.47718422366450336,0.9452136075949369,0.81,0.23,0.08,0.02,5.36,6.22,-20.67,-24.51,ammonium acetate,43.7,14.5,0.1,2,60.3,0.03888591771072843,0.005337490266869697,0.4951870369197041,Sandy Loam,56.3,31.3,12.5,43.8,0.022533218209438446,0.003743432962363765,0.019761020571942147,0.002061884261202745,8.884377056414177,0.2809335858764109,1.7040508850772147,2.5892013325176673,4.2932522175948815,2.1004338757894563,3.965644127344815,2.3950956725818906,7.199784790368089,29.86092841073468,73,D,N,V,73,LL_3,0.6,100,0.24,B102
B092,90,22,c,Disappointment,WA,"46.30717, -124.06658",46.30717,-124.06658,c,21-40+,21,40,30.5,40,north west,andisol,coniferous forest,udic,mesic,30,10.38,2082,1.826,20567,"western hemlock, Sitka spruce, western red cedar, and red alder. Understory species are salal, oxalis, swordfern, red huckleberry, salmonberry, blackberry, red elderberry, and vine maple","Medial, ferrihydritic, isomesic Typic Fulvudands",Ilwaco,6-30-19,x,0.07248348381453694,0.10541165910398259,0.5627257639363471,0.09858938975774201,4.26,-25.42,4.94,4.85576510272922,0.2636614535418581,0.35507163323782237,0.6569627507163324,1.8502259522272433,4.78,5.04,0.28,0.23,4.39,3.88,-25.55,-26.18,ammonium chloride,0.5,0.4,0.1,0.2,1.2,0.12367827340569879,0.012071711422248088,0.6399027547726285,Loam,40,36.3,23.8,60.1,0.0924172903634218,0.005397597301910692,0.10085793392682721,0.013467177152441076,0,7.729101539486219,11.351429753860815,11.928359840284003,23.27978959414482,2.0770760486362745,5.107753511759756,1.9032487858911866,2.0471696675425424,159.17371157723463,67,B,M,W,67,IS_3,39.5,100,15.8,B092
B082,81,12,c,Cottonwood,SD,"43.98026, -101.89979",43.98026,-101.89979,c,22-30+,22,30,26,30,north central,inceptisol,grasses,ustic,mesic,1087,8.44,433,0.216,1342445,"Native grasses are mainly western wheatgrass, green needlegrass, sideoats grama, blue grama, buffalograss, and forbs","Fine, smectitic, mesic Torrertic Haplustepts",pierre,6-23-19,x,0.033424895901984546,0.15153751244050606,0.13965218305049112,0.044396211523283616,7.48,-11.99,3.96,0.7092296497229086,0.1148835832675612,0.22014589787149,0.7374837613670432,3.349977303676804,2.22,4.47,0.15,0.1,-0.66,-1.98,-27.35,-29.04,ammonium acetate,49.3,4.1,1.2,0.5,55.1,0.05669244011670732,0.006758827276404228,0.8194561489235102,Clay,26.3,31.3,42.5,73.8,0.017413703407353643,0.003148610528986656,0.047195959734111094,0.004554101731428627,6.361264340907104,0.3398432116861478,1.178054060021799,1.9122397301462029,3.0902937901680017,6.654538449224486,3.9641013989111307,2.455298282320411,2.7406966595510998,47.917231297214144,60,E,N,W,60,IS_3,13.8,100,5.52,B082
B098,96,29,c,Merklee,CA,"38.66673, -119.66681",38.66673,-119.66681,c,22-46+,22,46,34,46,pacific coast,mollisol,shrubs,xeric,frigid,2202,5.86,561,0.265,20459,"big sagebrush, antelope bitterbrush, and western needlegrass","Loamy-skeletal, mixed, superactive, frigid Typic Argixerolls",heenlake,2007-03-19,x,0.07226970532306455,0.28754464623580855,0.1463420844898273,0.06593406593406512,6.16,-24.72,6.2,1.2578021978021967,0.09593406593406585,0.3598623359862335,0.6568079156807914,1.8251643753735804,1.89,0.19,0.14,NA,3.97,NA,-25.27,-25.87,ammonium chloride,25.5,10,0.2,0.3,36,0.06781187297898365,0.004130356347810406,0.7387201011308443,Sandy Clay Loam,45,27.5,27.5,55,0.027669808710331006,1.50722903034729e-4,0.050065795113556515,0.004584078402400042,0,0.280564063710793,6.980601406058089,3.9069592752562663,10.887560681314355,3.980418797251133,4.7783635122383075,2.199853741604162,0.157110929852925,22.30589707992503,70,D,O,X,70,LL_3,5.3,100,2.12,B098
B123,121,55,c,Aroostook,ME,"46.60899, -68.00534",46.60899,-68.00534,c,25-30,25,30,27.5,30,northeast,spodosol,mixed coniferous and hardwood forest,aquic,frigid,193,3.84,924,0.803,642598,"sugar maple, yellow birch, paper birch, eastern white pine, red pine, white spruce, red spruce and balsam fir","Coarse-loamy, isotic, frigid Oxyaquic Haplorthods",plaisted,7-26-19,NA,0.029652334287765064,0.13082614917844118,0.17352270218559104,0.012607370462731218,4.57,-24.91,6.28,0.5974383485730114,0.0810085896370185,0.41326021934197427,0.5514456630109672,1.3343787696019296,0.6,0.33,0.09,0.04,6.5,6.44,-24.6,-27.08,ammonium chloride,2,0.8,0,0.1,2.9,0.028097190916774067,0.001733180910233469,0.3779213113916379,Sandy Loam,57.5,32.5,10,42.5,0.06368515232154187,6.695280516327175e-5,-0.03071246091306473,0.001966974339990391,0,1.45404152363153,2.297546274909489,2.2473376587619915,4.54488393367148,-5.14069125064064,2.4281058944538674,10.659702791703046,0.08264901964504308,243.3793423379208,90,C,L,X,90,RW_2,23.8,100,9.52,B123
B079,78,8,c,Fox Coulee,WI,"44.46521, -92.02736",44.46521,-92.02736,c,25-40+,25,40,32.5,40,midwest,entisol,deciduous hardwood forest,aquic,mesic,211,7.24,805,0.574,103588,"red maple, swamp white oak, quaking aspen, and white ash","Mixed, mesic Aquic Udipsamments",algansee,6-21-19,x,0.034632115618534874,0.13022882692285637,0.17241595191886344,0.009917704156994514,5.52,-24.19,5.11,0.26257860308081854,0.030297531124709832,0.806223197367109,0.1956716864465942,0.2427016328550222,1.4,0.06,0.17,NA,5.68,NA,-24.69,-27.21,ammonium chloride,3.7,2,0,0,5.7,0.01472058730269791,0.002369888873640528,0.5786310517529228,Sandy Loam,75,16.3,8.8,25.1,0.010841002442020119,0.00164422087290705,0.006417648933277187,0.0011342746468241329,0,0.2708204369762603,3.4135501347231614,1.0786333374196277,4.49218347214279,2.44408678314962,3.7437857301153152,4.128669402161222,5.426913718280064,103.13880636073952,59,A,L,W,59,LL_2,10.4,100,4.16,B079
B087,85,17,c,Grab Bag,MT,"45.55290, -107.34871",45.5529,-107.34871,c2,25-45+,25,45,35,45,west,entisol,grasses,ustic,frigid,972,7.58,411,0.208,631352,"western wheatgrass, green needlegrass, sideoats gram","Clayey, montmorillonitic (calcareous), nonacid, frigid, shallow Ustic Torriorthents",lismas,6-26-19,x,0.025301313226031925,0.09202535297619384,0.2086054950751681,0.06131035864556145,7.34,-18.03,4.99,0.8104294536862147,0.09551793227810053,0.053544720311097894,0.9197327749526372,17.17690875232772,0.59,0.86,0.08,0.06,5.42,3.38,-25.21,-26.81,ammonium acetate,35.2,14.8,2.6,1,53.6,0.08837753226671996,0.008045979288675727,0.8708265518751812,Clay,13.8,31.3,55,86.3,0.026776748264886886,0.0024727539370655695,0.08003682287385384,0.007251660844488908,0.5871379030092185,0.3216091995895641,3.063863641423247,3.5784383607665498,6.642302002189797,9.875853167701235,7.59193658356809,3.3040196334293666,2.588785035532537,39.68379951231215,64,E,N,X,64,IS_3,5.9,100,2.36,B087
B097,95,28,c,El Dorado,CA,"38.80521, -120.10219",38.80521,-120.10219,c,28-40+,28,40,34,40,pacific coast,inceptisol,coniferous forest,xeric,frigid,1997,5.8,911,0.464,187468,"red fir, white fir, Jeffrey pine, lodgepole pine, sugar pine, incense-cedar, chinquapin, huckleberry oak, gooseberry, whitethorn, brackenfern and lupine","Coarse-loamy, mixed, frigid Typic Xerumbrepts",gerle,2007-03-19,x,0.12311126067736221,0.22855435779479674,0.3485846537297486,0.021294615849969993,4.7,-24.55,5.88,1.0723593466424686,0.07149062310949791,0.8861169102296451,0.12985386221294362,0.146542584521145,5.13,0.45,0.35,0.02,5.42,10.05,-24.74,-24.91,ammonium chloride,0.6,0.1,0.2,0.1,1,0.04532906279485655,0.003166097750662786,0.4580166266986419,Sand,87.5,8.8,3.8,12.6,0.04187223247268854,0.002725770573783513,0.019257845980407105,0.001543980264968596,0,2.2845016372118363,8.428179254427953,4.4731357950049615,12.901315049432915,1.7958388706829442,2.159696192049933,3.9046829408247805,3.812766563257692,213.03508421543174,69,B,O,X,69,LL_3,1.9,100,0.76,B097
B086,84,16,c,Tensleep,WY,"44.05055, -107.43088",44.05055,-107.43088,c,3-20+,3,20,11.5,20,west,entisol,shrubs,ustic,mesic,1409,7.24,304,0.151,100947,"sagebrush, cactus, blue grama, needleandthread","Fine-loamy, mixed (calcareous), mesic Ustic Torriorthents",neville,6-26-19,x,0.13371635054844602,1.2977611952915005,0.10342344975524072,0.023472260511087334,7.44,-12.71,6.1,0.7480766964201799,0.07164305823577612,0.24150339864054374,0.7501999200319873,3.1063741721854314,1.46,0.36,0.12,0.04,3.04,5.04,-24.48,-26.47,ammonium acetate,44.2,4.6,0,0.9,49.7,0.06340871140804681,0.005064488435106989,0.5192767395812113,Silt Loam,26.3,56.3,17.5,73.8,0.02251000400574431,5.714193480953687e-4,0.04745665508065718,0.005016855952215906,2.7213481789685536,0.4415787575592191,0.8784115752007456,1.9660571972075886,2.8444687724083346,6.343822138525983,7.002570906040214,3.0090502903596517,0.7975920656748586,59.02854074620085,63,D,N,W,63,IS_3,1.6,100,0.64,B086
B077,76,6,c,Pecatonica,IL,"42.31607, -89.36173",42.31607,-89.36173,c,40-50+,40,50,45,50,midwest,mollisol,grasses,aquic,mesic,228,8.38,883,0.598,93530,grasses and trees,"Fine-silty, mixed, superactive, mesic Aquic Cumulic Hapludolls",lawson,6-20-19,x,0.03147573906797122,0.10140645619021954,0.19725746709748634,0.04507124164001196,5.81,-3.37,4.58,3.187467287002036,0.06270427449840071,0.05170967065240196,0.9526956156912103,18.42393509127788,0.61,0.35,0.08,0.02,5.39,7.64,-21.44,-26.34,ammonium chloride,14.7,8.1,0.1,0.1,23,0.02104444274947581,0.003947531473018236,0.807966506602642,Silt Loam,17.5,60,22.5,82.5,0.012195086800669422,0.0020673913728828006,0.013000529422046048,0.0026588201597906222,0,0.439897696420931,4.166459610386818,2.212056987716682,6.3785165981035,0.4078639324412851,4.240253445334793,0.3825948849859249,3.2970501443813527,13.800853681377719,58,E,L,W,58,LL_2,3.9,100,1.56,B077
B135,133,69,c,Sagavanirktok (Sag),AK,"68.80778, -148.81833",68.80778,-148.81833,c,7-13+,7,13,10,13,arctic,gelisol,tussock sedges and forbes,aquic,pergelic,449,-9.32,217,0.343,NA,"cottongrass, sedges, forbes, lichen, woody shrubs, mosses",NA,NA,9-17-19,NA,NA,NA,0.3464383028415727,0.013234721681588265,3.85,-26.79,4.72,3.870556636823667,0.21277929155313352,0.26104557020587527,0.7281980106407588,2.789543642002662,3.15,3.42,0.21,0.16,2.68,2.56,-26.29,-27.44,ammonium chloride,4.5,0.9,0,0.1,5.5,0.1223484667561059,0.006946329549365491,0.5313264085791949,Silt Loam,20,58.8,21.3,80.1,0.048676755462823976,0,0.11605790647153584,0.009352804169425938,0,3.5328091185032573,6.241165554695056,2.951188105091135,9.19235365978619,2.998481028991675,4.395542489664899,1.2576164110278998,0,91.27392904919282,98,F,L,Z,98,RW_3,54,100,21.6,B135
B136,134,71,c,Slope Mountain,AK,"68.68810, -149.08037",68.6881,-149.08037,c,7-15+,7,15,11,15,arctic,gelisol,tussock sedges and forbes,aquic,pergelic,771,-8.77,240,0.371,NA,"cottongrass, sedges, forbes, lichen, woody shrubs, mosses",NA,NA,9-17-19,NA,NA,NA,2.379310344827586,1.400166852057842,6.2,-25.48,3.82,5.530624493076641,0.43203003337041157,0.5531808648756618,0.4452212124238488,0.804838418487091,3.74,0.69,0.27,0.05,3.92,2.28,-25.14,-26.33,ammonium chloride,11.6,1,0,0.1,12.7,NA,NA,0.5280937019389328,Sandy Loam,62.5,21.3,16.3,37.6,NA,NA,NA,NA,0.5146906122931121,3.507751355359809,14.127108198298409,4.410156430067443,18.537264628365854,NA,NA,NA,NA,63.42414603903936,99,F,L,Z,99,RW_3,15.2,100,6.08,B136
B132,130,64,c,Moscow,ID,"46.798639, -116.900648",46.798639,-116.900648,c,75-65,75,65,70,65,west,alfisol,coniferous forest,xeric,frigid,1021.3,7.16,700,0.466,48198,"grand fir, Douglas-fir, western white pine, ponderosa pine, western larch, and lodgepole pine, with an understory of myrtle pachystima, Columbia brome, American trailplant, baldhip rose, starry false-Solomon's-seal, sweetscented bedstraw, pine reedgrass, common snowberry, elk sedge, mallow ninebark, creambush oceanspray, and white spirea","Fine-loamy, isotic, frigid Vitrandic Haploxeralfs",kruse,2008-12-19,NA,0.12700957434538918,0.7528356287931314,0.16829329775312948,0.018970240324345192,5.03,-24.53,4.51,1.1208672643567799,0.09170732162919107,0.27588610115491835,0.6919553962564713,2.508119812342114,1.04,2.32,0.09,0.09,0.56,1.9,-24.37,-25.79,ammonium chloride,5.1,0.6,0.1,0.5,6.3,0.06288148924793516,0.006617475532283278,0.7444188490676471,Silt Loam,32.5,65,2.5,67.5,0.04657622199653484,NA,0.02688780044456328,NA,0,2.9682692555338073,4.531693267523873,11.572183974313994,16.103877241837868,2.3988389436989306,NA,4.155373564528449,NA,264.8189799027788,95,B,O,X,95,RW_3,32.6,100,13.04,B132
B104,102,36,c,El Malpais,NM,"34.95594, -107.82979",34.95594,-107.82979,c,8-14+,8,14,11,14,southwest,alfisol,shrubs,aridic,mesic,2082,9.98,282,0.111,91685,"pinyon-juniper savanna with an understory of blue grama, bottlebrush squirreltail, and broom snakeweed","Fine-loamy, mixed, superactive, mesic Aridic Haplustalfs",celacy,2007-08-19,x,0.026827104812227425,1.1611106301542171,0.02308323790407184,0.007223534522392685,6.23,-19.91,5.55,0.10072235345223929,0.010072235345223928,0.9197770478749876,0.09604857171294912,0.10442592792987769,0.91,0.07,0.12,NA,7.29,NA,-20.74,-24.64,ammonium chloride,3.7,1.5,0,0.1,5.3,0.03155603359385512,0.0022532387735462417,0.31,Sand,92.5,2.5,5,7.5,0.015822400625038792,0.001257453642115046,0.016462048399572167,0.0010477971780956422,0,0.20713064621226623,0.48310177190096215,0.6201735230708443,1.1032752949718063,16.343987044919647,10.402826603853024,15.708926651065084,12.48435525001218,205.64516129032253,75,D,P,W,75,LL_3,3.9,100,1.56,B104
B094,92,24,c,Siuslaw,OR,"44.48822, -123.53664",44.48822,-123.53664,c,8-15+,8,15,11.5,15,north west,andisol,coniferous forest,udic,frigid,733,8.72,2757,2.101,62971,"Douglas fir, western hemlock, red alder, red and evergreen huckleberry, vine maple, western swordfern, cascade Oregongrape, Oregon oxalis, and salal","Medial-skeletal, ferrihydritic, frigid Alic Hapludands",caterl,2007-01-19,x,0.29174476483297296,0.7067265423971155,0.41739931264764724,0.029844766383509677,4.61,-25.29,4.38,7.33249473665059,0.3501472205703933,0.5076732114646807,0.4879259760776346,0.9611024672149361,8.55,10.95,0.47,0.32,4.75,3.31,-24.7,-25.36,ammonium chloride,11.7,4.9,0.2,0.4,17.2,0.2257447504105532,0.022519494021057813,0.7792152525454181,Loam,47.5,28.8,23.8,52.6,0.04961308477519414,0.003920536778376599,0.27035736929053866,0.027998578568243542,0,4.781422129637724,9.948636262210266,17.62449787500661,27.573134137216876,3.6871130358838173,7.996230420630949,0.6766194393186418,1.119682393020286,65.20866773675762,68,B,M,X,68,IS_3,2.5,100,1,B094
B112,110,44,c,Ouachita,AR,"34.68736, -93.81714",34.68736,-93.81714,b2,8-15+,8,15,11.5,15,southeast,ultisol,deciduous hardwood forest,udic,thermic,276,15.2,1352,0.703,50246,"Bermuda grass, Bahaiagrass, tall fescue; where wooded: Red Oak, Post Oak, Blackjack Oak, Sweetgum, Walnuts and Shortleaf Pine","Fine-loamy, siliceous, semiactive, thermic Typic Paleudults",avilla,2007-11-19,x,0.276654518376095,1.2189565749055824,0.22756011499997744,0.00991483317304414,4.23,-24.64,6.95,0.6059488999038264,0.06059488999038264,0.28625460336418823,0.7188215387677913,2.5111265646731575,0.63,0.67,0.08,0.02,5.43,9.33,-24.73,-27.21,ammonium chloride,1.6,0.8,0,0.2,2.6,0.06718583872934075,0.011899308830580234,0.7730620723221313,Loam,32.5,48.8,18.8,67.6,0.03140587488228658,0.006486844487001224,0.051068781034672904,0.008120272429486096,0,0.6469351049719885,0.6520532624480327,1.281586632001471,1.933639894449504,8.427902260863634,13.400919501256476,5.182924647156086,10.705266546454311,106.76397053854991,80,A,M,V,80,LL_3,25.5,100,10.2,B112
B105,103,37,c,Vegas,NM,"35.53826, -105.16809",35.53826,-105.16809,c,8-16+,8,16,12,16,southwest,entisol,grasses,ustic,mesic,1989,9.43,429,0.176,72724,"blue grama, bottlebrush squirreltail, sand dropseed, ring muhly, snakeweed","Fine-silty, carbonatic, mesic Ustic Torriorthents",karde,2007-08-19,x,0.10102081655854378,1.1032646854028518,0.09202036013850509,0.025180679454289978,7.46,-8.12,8,1.531600169621209,0.12302168153451479,0.442351768809168,0.5357249626307924,1.2110835773822934,1.26,0.47,0.15,0.04,8.82,7.38,-17.64,-23.28,ammonium acetate,47.2,3.3,0.1,0.5,51.1,0.10007623961536932,0.010225882142591212,0.6295269912758428,Sandy Clay Loam,50,15,35,50,0.03353435640702835,0.004126020300744859,0.07575093481905458,0.007040851199341503,10.986435517524834,0.8803811484579213,1.4001149317142203,1.8445529588524077,3.244667890566628,4.94586879275347,5.723260413544366,2.189498086522279,3.3538968491397743,57.48113417065334,76,E,N,W,76,LL_3,7.8,100,3.12,B105
B107,105,39,c,Rita,TX,"36.41055, -102.59466",36.41055,-102.59466,c,9.5-17+,9.5,17,13.25,17,central,alfisol,grasses,ustic,mesic,1279,12.64,427,0.152,340769,"mid grasses and short grasses and includes blue grama, sideoats grama and buffalograss with lesser amounts of western wheatgrass, galleta, silver bluestem and prairieclover","Coarse-loamy, carbonatic, mesic Calcidic Paleustalfs",spurlock,2007-09-19,x,0.0461090863960159,1.1611106301542171,0.039850877940515235,0.009411953240107237,7.2,-7.25,6.49,0.5881972871264866,0.060564717194406426,0.8328006392329204,0.16540151817818624,0.19860877908371324,1.86,0.06,0.22,0.01,6.67,2.65,-14.84,-29.34,ammonium acetate,34.7,0.9,0,0.3,35.9,0.041526845026436957,0.00445227764450148,0.41847596137932624,Loamy Sand,85,3.8,11.3,15.1,0.017816140905984712,0.0017413477403464468,0.02536558535285548,0.002888357077123347,0.8183384760728523,0.4065016239124833,0.5032973076262973,0.8872602276386826,1.39055753526498,4.312428144096631,4.769042457264387,3.0289396595182714,2.875185125948664,69.10974137578243,77,E,N,W,77,LL_3,29.3,100,11.72,B107
B115,113,47,c,Prentice,TN,"35.13363, -85.91830",35.13363,-85.9183,b2,9.5-22+,9.5,22,15.75,22,southeast,alfisol,deciduous hardwood forest,udic,thermic,564,14,1546,0.874,622346,"hardwoods, chiefly oak, hickory, elm, maple, and redcedar","Fine, mixed, semiactive, thermic Typic Hapludalfs",talbott,2007-12-19,ramsey-change to talbott,0.11233850140120234,1.0609281606210554,0.10587826498368344,0.010264936788391032,4.61,-25.44,7.84,0.6843793956197939,0.06061589620730347,0.34406458686335095,0.6582278481012658,1.9130938586326764,0.85,0.61,0.08,0.02,6.41,10.21,-25.63,-27.45,ammonium chloride,2.9,0.8,0,0.1,3.8,0.05119818247601632,0.005670131356076165,0.541605341605342,Loam,37.5,42.5,20,62.5,0.02492907137528034,0.0014883014928096237,0.03168988583161461,0.004782173533477465,0.021672520818648996,0.740340714224014,0.6036778202199595,1.7420016913606127,2.345679511580572,4.630455860366067,7.889305995118277,3.6425806409183092,2.455298998994758,108.17694380666443,82,A,M,V,82,RW_2,16.9,100,6.76,B115
B101,99,32,c,Flagstaff,AZ,"35.21865, -111.52502",35.21865,-111.52502,c,9-15+,9,15,12,15,southwest,mollisol,shrubs,aridic,cryic,1915,8.75,486,0.195,13909,"ponderosa pine, spruce, fir and quaking aspen, with some Arizona fescue, mountain muhly, pine dropseed and Kentucky bluegrass","Fine-loamy over fragmental, mixed Argic Cryoborolls",sizer,2007-06-19,x,0.023855164607247858,0.1485697639706534,0.12425492893168286,0.07856972016264008,6.71,-19.17,5.85,1.0893554173642666,0.0970712748146376,0.36809947475613675,0.6477650337656768,1.7597553873034362,1.42,0.61,0.11,0.03,6.96,4.34,-20.79,-22.01,ammonium acetate,28.1,8.5,0.1,0.6,37.3,0.07815939394123361,0.004890973884981173,0.6858713695395137,Sandy Clay Loam,45,25,30,55,0.0225209676629828,0.0016000960664064579,0.0653501162177622,0.003898605431059767,0,0.4718340394427934,6.453402839469843,4.557487880981527,11.010890720451371,5.998971059039581,4.0162297636497994,2.067366380521893,1.6483723629486893,43.3131402223539,72,D,P,Y,72,LL_3,26.2,100,10.48,B101
B114,112,46,c,Lewis,TN,"35.55439, -87.63462",35.55439,-87.63462,b2,9-15+,9,15,12,15,southeast,ultisol,deciduous hardwood forest,udic,thermic,276,14.08,1446,0.79,151630,"mixed hardwood forest consisting chiefly of oaks, hickories, and beech","Fine-silty, mixed, semiactive, thermic Typic Fragiudults",lax,2007-12-19,x,0.029036149224109215,0.12501640429254313,0.20029493407355978,0.02226211849192101,3.73,-25.13,6.84,0.6951382405745062,0.07155834829443447,0.09524285428742749,0.8819708175094942,9.26023084994754,0.64,1.91,0.07,0.06,5.57,0.65,-25,-27.87,ammonium chloride,0.4,0.8,0,0.2,1.4,0.09177074576090909,0.007191277384402963,0.651656946930368,Loam,30,46.3,23.8,70.1,0.06063269248138511,0.002992450994238005,0.04951926875158669,0.0056392028197786315,0,0.859559739272486,0.4991586200203794,1.7970938263218332,2.296252446342213,7.12365769298792,7.880565935613172,8.72239346684113,4.18183351846698,123.6530648295354,81,A,M,V,81,RW_2,52.9,100,21.16,B114
